oneid,choice,profit,variable,round,treatment,role,numtrans,price,tax,time,Rounds,round_of_ten
5925,19,-2.6999999999999997,18,1,notax,seller,9,15,0,2021-01-29 11:30:16,1-10,1
5925,18,-3.3,18,2,notax,seller,11,15,0,2021-01-29 11:35:50,1-10,2
5925,15,-5.699999999999999,18,3,notax,seller,9,15,0,2021-01-29 11:37:48,1-10,3
5925,18,-3.3,18,4,notax,seller,11,15,0,2021-01-29 11:39:37,1-10,4
5925,18,-3,18,5,notax,seller,10,15,0,2021-01-29 11:41:26,1-10,5
5925,20,-3.5999999999999996,18,6,notax,seller,12,15,0,2021-01-29 11:43:46,1-10,6
5925,20,-2.6999999999999997,18,7,notax,seller,9,15,0,2021-01-29 11:45:37,1-10,7
5925,30,-3.3,18,8,notax,seller,11,15,0,2021-01-29 11:47:28,1-10,8
5925,26,-3.3,18,9,notax,seller,11,15,0,2021-01-29 11:49:36,1-10,9
5925,26,-3.9,18,10,notax,seller,13,15,0,2021-01-29 11:51:29,1-10,10
5925,15,-0.030000000000000027,20,11,tax,buyer,5,20,10,2021-01-29 11:53:37,11-20,1
5925,20,-0.040000000000000036,20,12,tax,buyer,7,20,10,2021-01-29 11:55:35,11-20,2
5925,20,-0.04999999999999982,20,13,tax,buyer,8,20,10,2021-01-29 11:58:00,11-20,3
6685,18,1.6800000000000002,18,1,tax,buyer,8,16.5,10,2021-01-29 11:30:22,1-10,1
6685,18,2.31,18,2,tax,buyer,7,16,10,2021-01-29 11:35:54,1-10,2
6685,16,2.1599999999999997,18,3,tax,buyer,7,16,10,2021-01-29 11:37:24,1-10,3
6685,18,1.61,18,4,tax,buyer,5,16.5,10,2021-01-29 11:39:23,1-10,4
6685,18,1.6599999999999997,18,5,tax,buyer,7,16.5,10,2021-01-29 11:41:20,1-10,5
6685,18,1.6800000000000002,18,6,tax,buyer,8,16.5,10,2021-01-29 11:43:27,1-10,6
6685,18,1.23,18,7,tax,buyer,7,17,10,2021-01-29 11:45:37,1-10,7
6685,18,1.27,18,8,tax,buyer,6,17,10,2021-01-29 11:47:21,1-10,8
6685,18,1.23,18,9,tax,buyer,4,17,10,2021-01-29 11:49:27,1-10,9
6685,18,0.73,18,10,tax,buyer,4,17.5,10,2021-01-29 11:51:22,1-10,10
6685,10,10,2,11,notax,seller,10,15,0,2021-01-29 11:53:51,11-20,1
6685,10,10,2,12,notax,seller,10,15,0,2021-01-29 11:55:30,11-20,2
6685,10,10.3,2,13,notax,seller,9,15,0,2021-01-29 11:57:22,11-20,3
6685,10,10.6,2,14,notax,seller,8,15,0,2021-01-29 11:59:42,11-20,4
6685,10,10.3,2,15,notax,seller,9,15,0,2021-01-29 12:01:24,11-20,5
6685,10,10,2,16,notax,seller,10,15,0,2021-01-29 12:03:19,11-20,6
6685,10,9.7,2,17,notax,seller,11,15,0,2021-01-29 12:05:22,11-20,7
6685,10,10,2,18,notax,seller,10,15,0,2021-01-29 12:07:22,11-20,8
6685,10,11.4,2,19,notax,seller,7,15.5,0,2021-01-29 12:09:21,11-20,9
6685,10,10.3,2,20,notax,seller,9,15,0,2021-01-29 12:11:18,11-20,10
8454,30,0.18000000000000016,17,1,tax,seller,8,16.5,10,2021-01-29 11:31:24,1-10,1
8454,27,0.1599999999999997,17,2,tax,seller,7,16.25,10,2021-01-29 11:36:45,1-10,2
8454,23,0.1599999999999997,17,3,tax,seller,7,16,10,2021-01-29 11:39:13,1-10,3
8454,22,0.1100000000000001,17,4,tax,seller,5,16.5,10,2021-01-29 11:39:58,1-10,4
8454,24,0.1599999999999997,17,5,tax,seller,7,16.5,10,2021-01-29 11:42:15,1-10,5
8454,25,0.18000000000000016,17,6,tax,seller,8,16.5,10,2021-01-29 11:43:34,1-10,6
8454,28,0.22999999999999998,17,7,tax,seller,7,17,10,2021-01-29 11:45:37,1-10,7
8454,35,0.27,17,8,tax,seller,6,17,10,2021-01-29 11:47:28,1-10,8
8454,25,0.22999999999999998,17,9,tax,seller,4,17,10,2021-01-29 11:49:59,1-10,9
8454,22,0.22999999999999998,17,10,tax,seller,4,17.5,10,2021-01-29 11:51:45,1-10,10
8454,16,-5,13,11,notax,buyer,10,15,0,2021-01-29 11:54:30,11-20,1
8454,15,-5,13,12,notax,buyer,10,15,0,2021-01-29 11:55:37,11-20,2
8454,10,-2.6999999999999997,13,13,notax,buyer,9,15,0,2021-01-29 11:57:34,11-20,3
8454,12,-2.4,13,14,notax,buyer,8,15,0,2021-01-29 11:59:30,11-20,4
8454,13,-2.6999999999999997,13,15,notax,buyer,9,15,0,2021-01-29 12:01:31,11-20,5
8454,10,-3,13,16,notax,buyer,10,15,0,2021-01-29 12:03:29,11-20,6
8454,15,-5.3,13,17,notax,buyer,11,15,0,2021-01-29 12:05:30,11-20,7
8454,11,-3,13,18,notax,buyer,10,15,0,2021-01-29 12:07:19,11-20,8
8454,8,-2.1,13,19,notax,buyer,7,15.5,0,2021-01-29 12:09:23,11-20,9
8454,13,-2.6999999999999997,13,20,notax,buyer,9,15,0,2021-01-29 12:11:30,11-20,10
9410,7,-2.6999999999999997,23,1,notax,buyer,9,15,0,2021-01-29 11:30:41,1-10,1
9410,14,-3.3,23,2,notax,buyer,11,15,0,2021-01-29 11:36:44,1-10,2
9535,21,5.68,22,1,tax,buyer,8,16.5,10,2021-01-29 11:30:56,1-10,1
9535,17,6.3100000000000005,22,2,tax,buyer,7,16,10,2021-01-29 11:35:44,1-10,2
9535,16,6.16,22,3,tax,buyer,7,16,10,2021-01-29 11:37:49,1-10,3
9535,16,0.1100000000000001,22,4,tax,buyer,5,16.5,10,2021-01-29 11:39:46,1-10,4
9535,17,5.66,22,5,tax,buyer,7,16.5,10,2021-01-29 11:41:34,1-10,5
9535,17,5.68,22,6,tax,buyer,8,16.5,10,2021-01-29 11:43:54,1-10,6
9535,16,0.22999999999999998,22,7,tax,buyer,7,17,10,2021-01-29 11:45:33,1-10,7
9535,17,5.27,22,8,tax,buyer,6,17,10,2021-01-29 11:47:30,1-10,8
9535,17,5.2299999999999995,22,9,tax,buyer,4,17,10,2021-01-29 11:49:26,1-10,9
9535,17,0.22999999999999998,22,10,tax,buyer,4,17.5,10,2021-01-29 11:51:36,1-10,10
9535,10,6,6,11,notax,seller,10,15,0,2021-01-29 11:53:47,11-20,1
9535,15,6,6,12,notax,seller,10,15,0,2021-01-29 11:55:44,11-20,2
9535,15,6.300000000000001,6,13,notax,seller,9,15,0,2021-01-29 11:57:32,11-20,3
9535,15,6.6,6,14,notax,seller,8,15,0,2021-01-29 11:59:38,11-20,4
9535,15,6.300000000000001,6,15,notax,seller,9,15,0,2021-01-29 12:01:28,11-20,5
9535,15,6,6,16,notax,seller,10,15,0,2021-01-29 12:03:25,11-20,6
9535,15,5.7,6,17,notax,seller,11,15,0,2021-01-29 12:05:37,11-20,7
9535,15,6,6,18,notax,seller,10,15,0,2021-01-29 12:07:34,11-20,8
9535,15,7.4,6,19,notax,seller,7,15.5,0,2021-01-29 12:09:29,11-20,9
9535,15,6.300000000000001,6,20,notax,seller,9,15,0,2021-01-29 12:11:23,11-20,10
10403,26,0.18000000000000016,15,1,tax,seller,8,16.5,10,2021-01-29 11:30:43,1-10,1
10403,20,0.22999999999999998,15,2,tax,seller,7,16,10,2021-01-29 11:36:06,1-10,2
10403,20,0.22999999999999998,15,3,tax,seller,7,16,10,2021-01-29 11:38:09,1-10,3
10403,20,0.1100000000000001,15,4,tax,seller,5,16.5,10,2021-01-29 11:39:19,1-10,4
10403,20,0.1599999999999997,15,5,tax,seller,7,16.5,10,2021-01-29 11:41:31,1-10,5
10403,20,0.18000000000000016,15,6,tax,seller,8,16.5,10,2021-01-29 11:43:23,1-10,6
10403,20,0.22999999999999998,15,7,tax,seller,7,17,10,2021-01-29 11:45:36,1-10,7
10403,20,0.27,15,8,tax,seller,6,17,10,2021-01-29 11:47:29,1-10,8
10403,20,0.22999999999999998,15,9,tax,seller,4,17,10,2021-01-29 11:49:22,1-10,9
10403,20,0.22999999999999998,15,10,tax,seller,4,17.5,10,2021-01-29 11:52:18,1-10,10
10403,20,-5.03,15,11,tax,seller,5,20,10,2021-01-29 11:53:54,11-20,1
10403,20,-5.039999999999999,15,12,tax,seller,7,20,10,2021-01-29 11:55:26,11-20,2
10403,20,-5.050000000000001,15,13,tax,seller,8,20,10,2021-01-29 11:57:29,11-20,3
10403,22,0.08000000000000007,15,14,tax,seller,6,20,10,2021-01-29 11:59:36,11-20,4
10403,20,-4.92,15,15,tax,seller,6,20,10,2021-01-29 12:01:48,11-20,5
10403,20,-4.91,15,16,tax,seller,7,20,10,2021-01-29 12:03:26,11-20,6
10403,20,-4.91,15,17,tax,seller,7,20,10,2021-01-29 12:05:32,11-20,7
10403,20,-4.92,15,18,tax,seller,6,20,10,2021-01-29 12:07:21,11-20,8
10403,20,-4.92,15,19,tax,seller,6,20,10,2021-01-29 12:09:48,11-20,9
10403,20,-4.91,15,20,tax,seller,7,20,10,2021-01-29 12:11:25,11-20,10
13226,30,-2.6999999999999997,20,1,notax,seller,9,15,0,2021-01-29 11:30:34,1-10,1
13226,30,-3.3,20,2,notax,seller,11,15,0,2021-01-29 11:35:58,1-10,2
13226,24,-3.3,20,3,notax,seller,11,15,0,2021-01-29 11:38:00,1-10,3
13226,15,-8.3,20,4,notax,seller,11,15,0,2021-01-29 11:39:44,1-10,4
13226,15,-8,20,5,notax,seller,10,15,0,2021-01-29 11:42:14,1-10,5
13226,15,-8.6,20,6,notax,seller,12,15,0,2021-01-29 11:43:48,1-10,6
13226,25,-2.6999999999999997,20,7,notax,seller,9,15,0,2021-01-29 11:45:51,1-10,7
13226,15,-8.3,20,8,notax,seller,11,15,0,2021-01-29 11:47:48,1-10,8
13226,26,-3.3,20,9,notax,seller,11,15,0,2021-01-29 11:49:45,1-10,9
13226,15,-8.9,20,10,notax,seller,13,15,0,2021-01-29 11:52:08,1-10,10
13226,15,-2,14,11,notax,seller,10,15,0,2021-01-29 11:53:41,11-20,1
13226,15,-2,14,12,notax,seller,10,15,0,2021-01-29 11:55:46,11-20,2
13226,15,-1.6999999999999997,14,13,notax,seller,9,15,0,2021-01-29 11:57:21,11-20,3
13226,15,-1.4,14,14,notax,seller,8,15,0,2021-01-29 11:59:41,11-20,4
13226,15,-1.6999999999999997,14,15,notax,seller,9,15,0,2021-01-29 12:01:24,11-20,5
13226,15,-2,14,16,notax,seller,10,15,0,2021-01-29 12:03:20,11-20,6
13226,15,-2.3,14,17,notax,seller,11,15,0,2021-01-29 12:06:17,11-20,7
13226,15,-2,14,18,notax,seller,10,15,0,2021-01-29 12:07:28,11-20,8
13226,15,-0.6000000000000001,14,19,notax,seller,7,15.5,0,2021-01-29 12:09:51,11-20,9
13226,15,-1.6999999999999997,14,20,notax,seller,9,15,0,2021-01-29 12:11:44,11-20,10
13310,0,-2.6999999999999997,15,1,notax,buyer,9,15,0,2021-01-29 11:33:03,1-10,1
13310,19,-3.3,15,2,notax,buyer,11,15,0,2021-01-29 11:35:58,1-10,2
13310,19,-3.5999999999999996,15,3,notax,buyer,12,15,0,2021-01-29 11:37:29,1-10,3
13310,19,-3.3,15,4,notax,buyer,11,15,0,2021-01-29 11:39:52,1-10,4
13310,19,-3,15,5,notax,buyer,10,15,0,2021-01-29 11:41:43,1-10,5
13310,19,-3.5999999999999996,15,6,notax,buyer,12,15,0,2021-01-29 11:43:38,1-10,6
13310,19,-2.6999999999999997,15,7,notax,buyer,9,15,0,2021-01-29 11:47:00,1-10,7
13310,19,-3.3,15,8,notax,buyer,11,15,0,2021-01-29 11:47:57,1-10,8
13310,19,-3.3,15,9,notax,buyer,11,15,0,2021-01-29 11:49:48,1-10,9
13310,19,-3.9,15,10,notax,buyer,13,15,0,2021-01-29 11:51:19,1-10,10
13310,19,6.97,3,11,tax,seller,5,20,10,2021-01-29 11:54:04,11-20,1
13310,19,6.960000000000001,3,12,tax,seller,7,20,10,2021-01-29 11:55:31,11-20,2
13310,19,6.949999999999999,3,13,tax,seller,8,20,10,2021-01-29 11:57:31,11-20,3
13310,19,7.08,3,14,tax,seller,6,20,10,2021-01-29 11:59:33,11-20,4
13310,19,7.08,3,15,tax,seller,6,20,10,2021-01-29 12:01:55,11-20,5
13310,19,7.09,3,16,tax,seller,7,20,10,2021-01-29 12:03:50,11-20,6
13310,19,7.09,3,17,tax,seller,7,20,10,2021-01-29 12:06:37,11-20,7
13310,19,7.08,3,18,tax,seller,6,20,10,2021-01-29 12:08:07,11-20,8
13310,19,7.08,3,19,tax,seller,6,20,10,2021-01-29 12:09:53,11-20,9
13310,19,7.09,3,20,tax,seller,7,20,10,2021-01-29 12:11:54,11-20,10
13956,16,1.6800000000000002,5,1,tax,seller,8,16.5,10,2021-01-29 11:30:48,1-10,1
13956,16,1.31,5,2,tax,seller,7,16,10,2021-01-29 11:37:09,1-10,2
13956,16,1.1599999999999997,5,3,tax,seller,7,16,10,2021-01-29 11:37:50,1-10,3
13956,16,1.61,5,4,tax,seller,5,16.5,10,2021-01-29 11:40:22,1-10,4
13956,17,0.1599999999999997,5,5,tax,seller,7,16.5,10,2021-01-29 11:41:29,1-10,5
13956,16,1.6800000000000002,5,6,tax,seller,8,16.5,10,2021-01-29 11:44:12,1-10,6
13956,16,2.23,5,7,tax,seller,7,17,10,2021-01-29 11:45:27,1-10,7
15365,16,-2.3200000000000003,9,1,tax,seller,8,16.5,10,2021-01-29 11:31:03,1-10,1
15365,17,0.31000000000000005,9,2,tax,seller,7,16,10,2021-01-29 11:35:43,1-10,2
15365,16,-2.84,9,3,tax,seller,7,16,10,2021-01-29 11:37:35,1-10,3
15365,19,0.1100000000000001,9,4,tax,seller,5,16.5,10,2021-01-29 11:39:35,1-10,4
15365,14,-2.34,9,5,tax,seller,7,16.5,10,2021-01-29 11:41:29,1-10,5
15365,15,-2.3200000000000003,9,6,tax,seller,8,16.5,10,2021-01-29 11:43:54,1-10,6
15365,15,-1.7699999999999996,9,7,tax,seller,7,17,10,2021-01-29 11:45:38,1-10,7
15365,16,-1.73,9,8,tax,seller,6,17,10,2021-01-29 11:47:30,1-10,8
15365,18,0.22999999999999998,9,9,tax,seller,4,17,10,2021-01-29 11:49:39,1-10,9
15365,30,0.22999999999999998,9,10,tax,seller,4,17.5,10,2021-01-29 11:51:35,1-10,10
15365,16,-0.030000000000000027,12,11,tax,buyer,5,20,10,2021-01-29 11:53:34,11-20,1
15365,17,-0.040000000000000036,12,12,tax,buyer,7,20,10,2021-01-29 11:55:34,11-20,2
15365,17,-0.04999999999999982,12,13,tax,buyer,8,20,10,2021-01-29 11:57:26,11-20,3
15365,17,0.08000000000000007,12,14,tax,buyer,6,20,10,2021-01-29 11:59:33,11-20,4
15365,17,0.08000000000000007,12,15,tax,buyer,6,20,10,2021-01-29 12:01:45,11-20,5
15365,17,0.08999999999999986,12,16,tax,buyer,7,20,10,2021-01-29 12:03:26,11-20,6
15365,15,0.08999999999999986,12,17,tax,buyer,7,20,10,2021-01-29 12:05:37,11-20,7
15365,16,0.08000000000000007,12,18,tax,buyer,6,20,10,2021-01-29 12:07:27,11-20,8
15365,17,0.08000000000000007,12,19,tax,buyer,6,20,10,2021-01-29 12:09:31,11-20,9
15365,16,0.08999999999999986,12,20,tax,buyer,7,20,10,2021-01-29 12:11:18,11-20,10
16746,10,4.300000000000001,8,1,notax,seller,9,15,0,2021-01-29 11:31:13,1-10,1
16746,15,3.7,8,2,notax,seller,11,15,0,2021-01-29 11:35:58,1-10,2
16746,15,3.4000000000000004,8,3,notax,seller,12,15,0,2021-01-29 11:37:50,1-10,3
16746,18,-3.3,8,4,notax,seller,11,15,0,2021-01-29 11:39:38,1-10,4
16746,17,-3,8,5,notax,seller,10,15,0,2021-01-29 11:41:31,1-10,5
16746,15,3.4000000000000004,8,6,notax,seller,12,15,0,2021-01-29 11:43:26,1-10,6
16746,16,-2.6999999999999997,8,7,notax,seller,9,15,0,2021-01-29 11:45:43,1-10,7
16746,15,3.7,8,8,notax,seller,11,15,0,2021-01-29 11:47:31,1-10,8
16746,15,3.7,8,9,notax,seller,11,15,0,2021-01-29 11:49:54,1-10,9
16746,15,3.1,8,10,notax,seller,13,15,0,2021-01-29 11:52:25,1-10,10
16746,20,-5.03,15,11,tax,seller,5,20,10,2021-01-29 11:53:38,11-20,1
16746,20,-5.039999999999999,15,12,tax,seller,7,20,10,2021-01-29 11:55:23,11-20,2
16746,20,-5.050000000000001,15,13,tax,seller,8,20,10,2021-01-29 11:57:20,11-20,3
20865,16,1.6800000000000002,5,1,tax,seller,8,16.5,10,2021-01-29 11:30:41,1-10,1
20865,16,1.31,5,2,tax,seller,7,16,10,2021-01-29 11:36:23,1-10,2
20865,17,0.1599999999999997,5,3,tax,seller,7,16,10,2021-01-29 11:38:11,1-10,3
20865,15,1.61,5,4,tax,seller,5,16.5,10,2021-01-29 11:39:58,1-10,4
20865,16,1.6599999999999997,5,5,tax,seller,7,16.5,10,2021-01-29 11:41:50,1-10,5
20865,16.5,0.18000000000000016,5,6,tax,seller,8,16.5,10,2021-01-29 11:43:55,1-10,6
20865,16,2.23,5,7,tax,seller,7,17,10,2021-01-29 11:45:35,1-10,7
20865,16,2.27,5,8,tax,seller,6,17,10,2021-01-29 11:47:33,1-10,8
20865,16,2.23,5,9,tax,seller,4,17,10,2021-01-29 11:49:32,1-10,9
20865,16,2.73,5,10,tax,seller,4,17.5,10,2021-01-29 11:51:43,1-10,10
20865,18,1,19,11,notax,buyer,10,15,0,2021-01-29 11:54:19,11-20,1
20865,15,0.7000000000000002,19,12,notax,buyer,11,15,0,2021-01-29 11:56:16,11-20,2
20865,16,1.3000000000000003,19,13,notax,buyer,9,15,0,2021-01-29 11:58:03,11-20,3
20865,17,1.6,19,14,notax,buyer,8,15,0,2021-01-29 11:59:57,11-20,4
20865,17,1.3000000000000003,19,15,notax,buyer,9,15,0,2021-01-29 12:01:47,11-20,5
20865,16,1,19,16,notax,buyer,10,15,0,2021-01-29 12:03:43,11-20,6
20865,17,0.7000000000000002,19,17,notax,buyer,11,15,0,2021-01-29 12:05:30,11-20,7
20865,16,1,19,18,notax,buyer,10,15,0,2021-01-29 12:07:48,11-20,8
20865,19,1.4,19,19,notax,buyer,7,15.5,0,2021-01-29 12:10:06,11-20,9
20865,18,1.3000000000000003,19,20,notax,buyer,9,15,0,2021-01-29 12:12:11,11-20,10
22765,12,0.18000000000000016,10,1,tax,buyer,8,16.5,10,2021-01-29 11:30:54,1-10,1
22765,15,0.31000000000000005,10,2,tax,buyer,7,16,10,2021-01-29 11:36:29,1-10,2
22765,15,0.22999999999999998,10,3,tax,buyer,7,16,10,2021-01-29 11:38:02,1-10,3
22765,15,0.1100000000000001,10,4,tax,buyer,5,16.5,10,2021-01-29 11:39:25,1-10,4
22765,15,0.1599999999999997,10,5,tax,buyer,7,16.5,10,2021-01-29 11:42:01,1-10,5
22765,15,0.18000000000000016,10,6,tax,buyer,8,16.5,10,2021-01-29 11:43:32,1-10,6
22765,15,0.22999999999999998,10,7,tax,buyer,7,17,10,2021-01-29 11:45:41,1-10,7
22765,15,0.27,10,8,tax,buyer,6,17,10,2021-01-29 11:47:42,1-10,8
22765,15,0.22999999999999998,10,9,tax,buyer,4,17,10,2021-01-29 11:49:37,1-10,9
22765,15,0.22999999999999998,10,10,tax,buyer,4,17.5,10,2021-01-29 11:51:53,1-10,10
22765,8,10,2,11,notax,seller,10,15,0,2021-01-29 11:53:56,11-20,1
22765,12,10,2,12,notax,seller,10,15,0,2021-01-29 11:55:52,11-20,2
22765,12,10.3,2,13,notax,seller,9,15,0,2021-01-29 11:58:13,11-20,3
22765,12,10.6,2,14,notax,seller,8,15,0,2021-01-29 11:59:57,11-20,4
22765,12,10.3,2,15,notax,seller,9,15,0,2021-01-29 12:01:57,11-20,5
22765,12,10,2,16,notax,seller,10,15,0,2021-01-29 12:03:44,11-20,6
22765,12,9.7,2,17,notax,seller,11,15,0,2021-01-29 12:05:41,11-20,7
22765,12,10,2,18,notax,seller,10,15,0,2021-01-29 12:07:55,11-20,8
22765,12,11.4,2,19,notax,seller,7,15.5,0,2021-01-29 12:09:51,11-20,9
22765,14.99,10.3,2,20,notax,seller,9,15,0,2021-01-29 12:12:02,11-20,10
23437,15,-0.6999999999999997,17,1,notax,buyer,9,15,0,2021-01-29 11:31:37,1-10,1
23437,13,-3.3,17,2,notax,buyer,11,15,0,2021-01-29 11:35:43,1-10,2
23437,14,-3.5999999999999996,17,3,notax,buyer,12,15,0,2021-01-29 11:38:18,1-10,3
23437,15,-1.2999999999999998,17,4,notax,buyer,11,15,0,2021-01-29 11:39:39,1-10,4
23437,15,-1,17,5,notax,buyer,10,15,0,2021-01-29 11:41:29,1-10,5
23437,15,-1.5999999999999996,17,6,notax,buyer,12,15,0,2021-01-29 11:43:26,1-10,6
23437,15,-0.6999999999999997,17,7,notax,buyer,9,15,0,2021-01-29 11:45:42,1-10,7
23437,15,-1.2999999999999998,17,8,notax,buyer,11,15,0,2021-01-29 11:47:35,1-10,8
23437,15,-1.2999999999999998,17,9,notax,buyer,11,15,0,2021-01-29 11:49:31,1-10,9
23437,15,-1.9,17,10,notax,buyer,13,15,0,2021-01-29 11:51:46,1-10,10
23437,16,6.97,3,11,tax,seller,5,20,10,2021-01-29 11:53:53,11-20,1
23437,20,6.960000000000001,3,12,tax,seller,7,20,10,2021-01-29 11:56:03,11-20,2
23437,20,6.949999999999999,3,13,tax,seller,8,20,10,2021-01-29 11:57:55,11-20,3
23437,20,7.08,3,14,tax,seller,6,20,10,2021-01-29 12:00:49,11-20,4
23437,20,7.08,3,15,tax,seller,6,20,10,2021-01-29 12:02:13,11-20,5
23437,20,7.09,3,16,tax,seller,7,20,10,2021-01-29 12:04:07,11-20,6
23437,20,7.09,3,17,tax,seller,7,20,10,2021-01-29 12:05:38,11-20,7
23437,20,7.08,3,18,tax,seller,6,20,10,2021-01-29 12:07:45,11-20,8
23437,20,7.08,3,19,tax,seller,6,20,10,2021-01-29 12:09:47,11-20,9
23437,20,7.09,3,20,tax,seller,7,20,10,2021-01-29 12:11:52,11-20,10
23548,24,3.3000000000000003,21,1,notax,buyer,9,15,0,2021-01-29 11:31:10,1-10,1
23548,24,2.7,21,2,notax,buyer,11,15,0,2021-01-29 11:35:44,1-10,2
23548,25,2.4000000000000004,21,3,notax,buyer,12,15,0,2021-01-29 11:38:12,1-10,3
23548,23,2.7,21,4,notax,buyer,11,15,0,2021-01-29 11:39:56,1-10,4
23548,22,3,21,5,notax,buyer,10,15,0,2021-01-29 11:41:57,1-10,5
23548,22,2.4000000000000004,21,6,notax,buyer,12,15,0,2021-01-29 11:44:13,1-10,6
23548,25,3.3000000000000003,21,7,notax,buyer,9,15,0,2021-01-29 11:45:48,1-10,7
23548,26,2.7,21,8,notax,buyer,11,15,0,2021-01-29 11:47:46,1-10,8
23548,26,2.7,21,9,notax,buyer,11,15,0,2021-01-29 11:49:45,1-10,9
23548,26,2.1,21,10,notax,buyer,13,15,0,2021-01-29 11:51:45,1-10,10
23548,15,-7,11,11,notax,buyer,10,15,0,2021-01-29 11:53:30,11-20,1
23548,5,-3,11,12,notax,buyer,10,15,0,2021-01-29 11:56:00,11-20,2
23548,14,-2.6999999999999997,11,13,notax,buyer,9,15,0,2021-01-29 11:57:55,11-20,3
23548,8,-2.4,11,14,notax,buyer,8,15,0,2021-01-29 12:00:15,11-20,4
23548,4,-2.6999999999999997,11,15,notax,buyer,9,15,0,2021-01-29 12:01:47,11-20,5
23548,5,-3,11,16,notax,buyer,10,15,0,2021-01-29 12:03:32,11-20,6
23548,6,-3.3,11,17,notax,buyer,11,15,0,2021-01-29 12:06:00,11-20,7
23548,4,-3,11,18,notax,buyer,10,15,0,2021-01-29 12:07:36,11-20,8
23548,2,-2.1,11,19,notax,buyer,7,15.5,0,2021-01-29 12:09:40,11-20,9
23548,5,-2.6999999999999997,11,20,notax,buyer,9,15,0,2021-01-29 12:11:36,11-20,10
24966,20,3.68,20,1,tax,buyer,8,16.5,10,2021-01-29 11:31:40,1-10,1
24966,16.5,3.9099999999999997,20,2,tax,buyer,7,16.25,10,2021-01-29 11:38:03,1-10,2
24966,16,4.16,20,3,tax,buyer,7,16,10,2021-01-29 11:38:53,1-10,3
24966,16,0.1100000000000001,20,4,tax,buyer,5,16.5,10,2021-01-29 11:40:10,1-10,4
24966,16.5,0.1599999999999997,20,5,tax,buyer,7,16.5,10,2021-01-29 11:42:31,1-10,5
24966,16,0.18000000000000016,20,6,tax,buyer,8,16.5,10,2021-01-29 11:44:00,1-10,6
24966,17,3.23,20,7,tax,buyer,7,17,10,2021-01-29 11:45:28,1-10,7
24966,17,3.27,20,8,tax,buyer,6,17,10,2021-01-29 11:47:52,1-10,8
24966,17,3.23,20,9,tax,buyer,4,17,10,2021-01-29 11:49:46,1-10,9
24966,12,0.22999999999999998,20,10,tax,buyer,4,17.5,10,2021-01-29 11:51:51,1-10,10
24966,18,-3,18,11,notax,seller,10,15,0,2021-01-29 11:54:14,11-20,1
24966,15,-6,18,12,notax,seller,10,15,0,2021-01-29 11:55:47,11-20,2
24966,21,-2.6999999999999997,18,13,notax,seller,9,15,0,2021-01-29 11:57:50,11-20,3
24966,20,-2.4,18,14,notax,seller,8,15,0,2021-01-29 11:59:53,11-20,4
24966,20,-2.6999999999999997,18,15,notax,seller,9,15,0,2021-01-29 12:01:47,11-20,5
24966,40,-3,18,16,notax,seller,10,15,0,2021-01-29 12:03:46,11-20,6
24966,21,-3.3,18,17,notax,seller,11,15,0,2021-01-29 12:05:58,11-20,7
24966,32,-3,18,18,notax,seller,10,15,0,2021-01-29 12:07:38,11-20,8
24966,15,-4.6,18,19,notax,seller,7,15.5,0,2021-01-29 12:09:32,11-20,9
24966,20,-2.6999999999999997,18,20,notax,seller,9,15,0,2021-01-29 12:11:27,11-20,10
28957,15,-4.699999999999999,13,1,notax,buyer,9,15,0,2021-01-29 11:30:22,1-10,1
28957,10,-3.3,13,2,notax,buyer,11,15,0,2021-01-29 11:35:47,1-10,2
28957,13,-3.3,13,3,notax,buyer,11,15,0,2021-01-29 11:37:54,1-10,3
28957,16,-5.3,13,4,notax,buyer,11,15,0,2021-01-29 11:39:36,1-10,4
28957,11,-3,13,5,notax,buyer,10,15,0,2021-01-29 11:41:39,1-10,5
28957,15,-5.6,13,6,notax,buyer,12,15,0,2021-01-29 11:43:39,1-10,6
28957,8,-2.6999999999999997,13,7,notax,buyer,9,15,0,2021-01-29 11:45:42,1-10,7
28957,5,-3.3,13,8,notax,buyer,11,15,0,2021-01-29 11:47:33,1-10,8
28957,7,-3.3,13,9,notax,buyer,11,15,0,2021-01-29 11:49:46,1-10,9
28957,9,-3.9,13,10,notax,buyer,13,15,0,2021-01-29 11:51:26,1-10,10
28957,10,-3,15,11,notax,buyer,10,15,0,2021-01-29 11:53:42,11-20,1
28957,11,-3,15,12,notax,buyer,10,15,0,2021-01-29 11:55:29,11-20,2
28957,12,-2.6999999999999997,15,13,notax,buyer,9,15,0,2021-01-29 11:57:57,11-20,3
28957,14.5,-2.4,15,14,notax,buyer,8,15,0,2021-01-29 11:59:42,11-20,4
28957,13,-2.6999999999999997,15,15,notax,buyer,9,15,0,2021-01-29 12:01:54,11-20,5
28957,12.8,-3,15,16,notax,buyer,10,15,0,2021-01-29 12:04:15,11-20,6
28957,15,-3.3,15,17,notax,buyer,11,15,0,2021-01-29 12:06:02,11-20,7
28957,16.6,-3,15,18,notax,buyer,10,15,0,2021-01-29 12:07:45,11-20,8
28957,10,-2.1,15,19,notax,buyer,7,15.5,0,2021-01-29 12:09:46,11-20,9
28957,14,-2.6999999999999997,15,20,notax,buyer,9,15,0,2021-01-29 12:11:41,11-20,10
30382,30,0.18000000000000016,9,1,tax,seller,8,16.5,10,2021-01-29 11:30:55,1-10,1
30382,25,0.31000000000000005,9,2,tax,seller,7,16,10,2021-01-29 11:36:12,1-10,2
30382,20,0.1599999999999997,9,3,tax,seller,7,16,10,2021-01-29 11:37:37,1-10,3
30382,40,0.1100000000000001,9,4,tax,seller,5,16.5,10,2021-01-29 11:39:59,1-10,4
30382,19,0.1599999999999997,9,5,tax,seller,7,16.5,10,2021-01-29 11:41:59,1-10,5
30382,40,0.18000000000000016,9,6,tax,seller,8,16.5,10,2021-01-29 11:43:31,1-10,6
30382,25,0.22999999999999998,9,7,tax,seller,7,17,10,2021-01-29 11:45:39,1-10,7
30382,19,0.27,9,8,tax,seller,6,17,10,2021-01-29 11:47:45,1-10,8
30382,21,0.22999999999999998,9,9,tax,seller,4,17,10,2021-01-29 11:49:30,1-10,9
30382,25,0.22999999999999998,9,10,tax,seller,4,17.5,10,2021-01-29 11:51:44,1-10,10
30382,19,-0.030000000000000027,26,11,tax,buyer,5,20,10,2021-01-29 11:54:04,11-20,1
30382,22,5.96,26,12,tax,buyer,7,20,10,2021-01-29 11:55:28,11-20,2
30382,20,5.95,26,13,tax,buyer,8,20,10,2021-01-29 11:57:28,11-20,3
30382,19,0.08000000000000007,26,14,tax,buyer,6,20,10,2021-01-29 11:59:26,11-20,4
30382,20,6.08,26,15,tax,buyer,6,20,10,2021-01-29 12:01:26,11-20,5
30382,20,6.09,26,16,tax,buyer,7,20,10,2021-01-29 12:03:20,11-20,6
30382,20,6.09,26,17,tax,buyer,7,20,10,2021-01-29 12:05:19,11-20,7
30382,20,6.08,26,18,tax,buyer,6,20,10,2021-01-29 12:07:24,11-20,8
30382,20,6.08,26,19,tax,buyer,6,20,10,2021-01-29 12:09:20,11-20,9
30382,20,6.09,26,20,tax,buyer,7,20,10,2021-01-29 12:11:18,11-20,10
30892,17,-4.32,12,1,tax,buyer,8,16.5,10,2021-01-29 11:30:36,1-10,1
30892,17,-3.7699999999999996,12,2,tax,buyer,7,16,10,2021-01-29 11:35:44,1-10,2
30892,17,-3.84,12,3,tax,buyer,7,16,10,2021-01-29 11:38:09,1-10,3
30892,17,-4.39,12,4,tax,buyer,5,16.5,10,2021-01-29 11:39:24,1-10,4
30892,16,0.1599999999999997,12,5,tax,buyer,7,16.5,10,2021-01-29 11:42:03,1-10,5
30892,14,0.18000000000000016,12,6,tax,buyer,8,16.5,10,2021-01-29 11:43:29,1-10,6
30892,16,0.22999999999999998,12,7,tax,buyer,7,17,10,2021-01-29 11:45:52,1-10,7
30892,15,0.27,12,8,tax,buyer,6,17,10,2021-01-29 11:47:30,1-10,8
30892,15,0.22999999999999998,12,9,tax,buyer,4,17,10,2021-01-29 11:49:31,1-10,9
30892,16,0.22999999999999998,12,10,tax,buyer,4,17.5,10,2021-01-29 11:51:29,1-10,10
30892,20,-4.03,16,11,tax,buyer,5,20,10,2021-01-29 11:53:50,11-20,1
30892,19,-0.040000000000000036,16,12,tax,buyer,7,20,10,2021-01-29 11:55:22,11-20,2
30892,19,-0.04999999999999982,16,13,tax,buyer,8,20,10,2021-01-29 11:57:33,11-20,3
30892,16,0.08000000000000007,16,14,tax,buyer,6,20,10,2021-01-29 11:59:54,11-20,4
30892,16,0.08000000000000007,16,15,tax,buyer,6,20,10,2021-01-29 12:01:28,11-20,5
30892,15,0.08999999999999986,16,16,tax,buyer,7,20,10,2021-01-29 12:03:38,11-20,6
30892,11,0.08999999999999986,16,17,tax,buyer,7,20,10,2021-01-29 12:05:30,11-20,7
30892,10,0.08000000000000007,16,18,tax,buyer,6,20,10,2021-01-29 12:08:01,11-20,8
30892,15,0.08000000000000007,16,19,tax,buyer,6,20,10,2021-01-29 12:09:46,11-20,9
30892,18,0.08999999999999986,16,20,tax,buyer,7,20,10,2021-01-29 12:11:20,11-20,10
31044,5,0.18000000000000016,10,1,tax,buyer,8,16.5,10,2021-01-29 11:31:17,1-10,1
31044,15,0.31000000000000005,10,2,tax,buyer,7,16,10,2021-01-29 11:36:21,1-10,2
31044,15,0.1599999999999997,10,3,tax,buyer,7,16,10,2021-01-29 11:38:13,1-10,3
31044,15,0.1100000000000001,10,4,tax,buyer,5,16.5,10,2021-01-29 11:40:00,1-10,4
31044,15,0.1599999999999997,10,5,tax,buyer,7,16.5,10,2021-01-29 11:41:39,1-10,5
31044,13,0.18000000000000016,10,6,tax,buyer,8,16.5,10,2021-01-29 11:43:38,1-10,6
31044,15,0.22999999999999998,10,7,tax,buyer,7,17,10,2021-01-29 11:45:50,1-10,7
31044,15,0.27,10,8,tax,buyer,6,17,10,2021-01-29 11:48:05,1-10,8
31044,15,0.22999999999999998,10,9,tax,buyer,4,17,10,2021-01-29 11:49:32,1-10,9
31044,15,0.22999999999999998,10,10,tax,buyer,4,17.5,10,2021-01-29 11:51:53,1-10,10
31044,17,8.97,1,11,tax,seller,5,20,10,2021-01-29 11:53:28,11-20,1
31044,16,8.96,1,12,tax,seller,7,20,10,2021-01-29 11:55:45,11-20,2
31044,19,8.95,1,13,tax,seller,8,20,10,2021-01-29 11:57:48,11-20,3
31044,19,9.08,1,14,tax,seller,6,20,10,2021-01-29 12:00:04,11-20,4
31044,19,9.08,1,15,tax,seller,6,20,10,2021-01-29 12:01:40,11-20,5
31044,20,9.09,1,16,tax,seller,7,20,10,2021-01-29 12:03:48,11-20,6
31044,20,9.09,1,17,tax,seller,7,20,10,2021-01-29 12:05:52,11-20,7
31044,20,9.08,1,18,tax,seller,6,20,10,2021-01-29 12:08:13,11-20,8
31044,21,0.08000000000000007,1,19,tax,seller,6,20,10,2021-01-29 12:09:36,11-20,9
31044,20,9.09,1,20,tax,seller,7,20,10,2021-01-29 12:11:31,11-20,10
32004,28,7.68,24,1,tax,buyer,8,16.5,10,2021-01-29 11:30:40,1-10,1
32004,23,8.31,24,2,tax,buyer,7,16,10,2021-01-29 11:35:34,1-10,2
32004,17,8.16,24,3,tax,buyer,7,16,10,2021-01-29 11:37:40,1-10,3
32004,18,7.61,24,4,tax,buyer,5,16.5,10,2021-01-29 11:39:28,1-10,4
32004,18,7.66,24,5,tax,buyer,7,16.5,10,2021-01-29 11:41:34,1-10,5
32004,18,7.68,24,6,tax,buyer,8,16.5,10,2021-01-29 11:43:30,1-10,6
32004,18,7.23,24,7,tax,buyer,7,17,10,2021-01-29 11:45:34,1-10,7
32004,17,7.27,24,8,tax,buyer,6,17,10,2021-01-29 11:47:31,1-10,8
32004,18,7.2299999999999995,24,9,tax,buyer,4,17,10,2021-01-29 11:49:25,1-10,9
32004,18,6.7299999999999995,24,10,tax,buyer,4,17.5,10,2021-01-29 11:51:24,1-10,10
32004,19,11,29,11,notax,buyer,10,15,0,2021-01-29 11:53:36,11-20,1
32004,17,11,29,12,notax,buyer,10,15,0,2021-01-29 11:55:31,11-20,2
32004,17,11.3,29,13,notax,buyer,9,15,0,2021-01-29 11:57:26,11-20,3
32004,16,11.6,29,14,notax,buyer,8,15,0,2021-01-29 11:59:27,11-20,4
32004,16,11.3,29,15,notax,buyer,9,15,0,2021-01-29 12:01:34,11-20,5
32004,18,11,29,16,notax,buyer,10,15,0,2021-01-29 12:03:33,11-20,6
32004,17,10.7,29,17,notax,buyer,11,15,0,2021-01-29 12:05:26,11-20,7
32004,16,11,29,18,notax,buyer,10,15,0,2021-01-29 12:07:28,11-20,8
32004,16,11.4,29,19,notax,buyer,7,15.5,0,2021-01-29 12:09:35,11-20,9
32004,17,11.3,29,20,notax,buyer,9,15,0,2021-01-29 12:11:23,11-20,10
32011,10,6.300000000000001,6,1,notax,seller,9,15,0,2021-01-29 11:30:39,1-10,1
32011,16,-3.3,6,2,notax,seller,11,15,0,2021-01-29 11:36:00,1-10,2
32011,15,5.7,6,3,notax,seller,11,15,0,2021-01-29 11:38:04,1-10,3
32011,15,5.7,6,4,notax,seller,11,15,0,2021-01-29 11:39:52,1-10,4
32011,15,6,6,5,notax,seller,10,15,0,2021-01-29 11:41:27,1-10,5
32011,15,5.4,6,6,notax,seller,12,15,0,2021-01-29 11:43:57,1-10,6
32011,15,6.300000000000001,6,7,notax,seller,9,15,0,2021-01-29 11:45:58,1-10,7
32011,15,5.7,6,8,notax,seller,11,15,0,2021-01-29 11:47:45,1-10,8
32011,15,5.7,6,9,notax,seller,11,15,0,2021-01-29 11:49:43,1-10,9
32011,15,5.1,6,10,notax,seller,13,15,0,2021-01-29 11:51:43,1-10,10
32011,10,10,2,11,notax,seller,10,15,0,2021-01-29 11:53:55,11-20,1
32011,13,10,2,12,notax,seller,10,15,0,2021-01-29 11:56:03,11-20,2
32011,15,10.3,2,13,notax,seller,9,15,0,2021-01-29 11:58:08,11-20,3
32011,15,10.6,2,14,notax,seller,8,15,0,2021-01-29 11:59:38,11-20,4
32011,15,10.3,2,15,notax,seller,9,15,0,2021-01-29 12:01:35,11-20,5
32011,15,10,2,16,notax,seller,10,15,0,2021-01-29 12:03:34,11-20,6
32011,10,9.7,2,17,notax,seller,11,15,0,2021-01-29 12:05:34,11-20,7
32011,15,10,2,18,notax,seller,10,15,0,2021-01-29 12:07:48,11-20,8
32011,15,11.4,2,19,notax,seller,7,15.5,0,2021-01-29 12:09:39,11-20,9
32011,15,10.3,2,20,notax,seller,9,15,0,2021-01-29 12:11:38,11-20,10
32581,30,0.18000000000000016,15,1,tax,seller,8,16.5,10,2021-01-29 11:31:05,1-10,1
32581,25,0.22999999999999998,15,2,tax,seller,7,16,10,2021-01-29 11:36:19,1-10,2
32581,20,0.1599999999999997,15,3,tax,seller,7,16,10,2021-01-29 11:38:12,1-10,3
32581,35,0.1100000000000001,15,4,tax,seller,5,16.5,10,2021-01-29 11:39:46,1-10,4
32581,35,0.1599999999999997,15,5,tax,seller,7,16.5,10,2021-01-29 11:41:56,1-10,5
32581,20,0.18000000000000016,15,6,tax,seller,8,16.5,10,2021-01-29 11:44:08,1-10,6
32581,20,0.22999999999999998,15,7,tax,seller,7,17,10,2021-01-29 11:46:06,1-10,7
32581,20,0.27,15,8,tax,seller,6,17,10,2021-01-29 11:48:05,1-10,8
32581,20,0.22999999999999998,15,9,tax,seller,4,17,10,2021-01-29 11:50:01,1-10,9
32581,20,0.22999999999999998,15,10,tax,seller,4,17.5,10,2021-01-29 11:51:52,1-10,10
32581,20,2.9699999999999998,7,11,tax,seller,5,20,10,2021-01-29 11:53:35,11-20,1
32581,20,2.96,7,12,tax,seller,7,20,10,2021-01-29 11:55:54,11-20,2
32581,20,2.95,7,13,tax,seller,8,20,10,2021-01-29 11:57:39,11-20,3
32581,20,3.08,7,14,tax,seller,6,20,10,2021-01-29 11:59:42,11-20,4
32581,20,3.08,7,15,tax,seller,6,20,10,2021-01-29 12:01:43,11-20,5
32581,20,3.09,7,16,tax,seller,7,20,10,2021-01-29 12:03:34,11-20,6
32581,20,3.09,7,17,tax,seller,7,20,10,2021-01-29 12:05:34,11-20,7
32581,22,0.08000000000000007,7,18,tax,seller,6,20,10,2021-01-29 12:07:25,11-20,8
32581,20,3.08,7,19,tax,seller,6,20,10,2021-01-29 12:09:36,11-20,9
32581,20,3.09,7,20,tax,seller,7,20,10,2021-01-29 12:11:31,11-20,10
33143,13,3.68,3,1,tax,seller,8,16.5,10,2021-01-29 11:32:38,1-10,1
33143,13,3.23,3,2,tax,seller,7,16,10,2021-01-29 11:35:54,1-10,2
33143,13,3.1599999999999997,3,3,tax,seller,7,16,10,2021-01-29 11:37:34,1-10,3
33143,13,3.6100000000000003,3,4,tax,seller,5,16.5,10,2021-01-29 11:39:28,1-10,4
33143,13,3.6599999999999997,3,5,tax,seller,7,16.5,10,2021-01-29 11:41:33,1-10,5
33143,13,3.68,3,6,tax,seller,8,16.5,10,2021-01-29 11:43:29,1-10,6
33143,13,4.23,3,7,tax,seller,7,17,10,2021-01-29 11:45:39,1-10,7
33143,13,4.27,3,8,tax,seller,6,17,10,2021-01-29 11:47:30,1-10,8
34330,30,0.18000000000000016,19,1,tax,seller,8,16.5,10,2021-01-29 11:30:59,1-10,1
34330,24,0.31000000000000005,19,2,tax,seller,7,16,10,2021-01-29 11:35:51,1-10,2
34330,25,0.1599999999999997,19,3,tax,seller,7,16,10,2021-01-29 11:37:39,1-10,3
34330,25,0.1100000000000001,19,4,tax,seller,5,16.5,10,2021-01-29 11:39:46,1-10,4
34330,26,0.1599999999999997,19,5,tax,seller,7,16.5,10,2021-01-29 11:41:43,1-10,5
34330,24,0.18000000000000016,19,6,tax,seller,8,16.5,10,2021-01-29 11:43:43,1-10,6
34330,40,0.22999999999999998,19,7,tax,seller,7,17,10,2021-01-29 11:45:31,1-10,7
34330,25,0.27,19,8,tax,seller,6,17,10,2021-01-29 11:47:25,1-10,8
34330,26,0.22999999999999998,19,9,tax,seller,4,17,10,2021-01-29 11:49:25,1-10,9
34330,26,0.22999999999999998,19,10,tax,seller,4,17.5,10,2021-01-29 11:51:25,1-10,10
34330,26,-3,18,11,notax,seller,10,15,0,2021-01-29 11:53:29,11-20,1
34330,14,-6,18,12,notax,seller,10,15,0,2021-01-29 11:55:33,11-20,2
34330,21,-2.6999999999999997,18,13,notax,seller,9,15,0,2021-01-29 11:57:38,11-20,3
34330,18,-2.4,18,14,notax,seller,8,15,0,2021-01-29 11:59:42,11-20,4
34330,19,-2.6999999999999997,18,15,notax,seller,9,15,0,2021-01-29 12:01:27,11-20,5
34330,19,-3,18,16,notax,seller,10,15,0,2021-01-29 12:03:22,11-20,6
34330,19,-3.3,18,17,notax,seller,11,15,0,2021-01-29 12:05:20,11-20,7
34330,19,-3,18,18,notax,seller,10,15,0,2021-01-29 12:07:23,11-20,8
34330,19,-2.1,18,19,notax,seller,7,15.5,0,2021-01-29 12:09:24,11-20,9
34330,19,-2.6999999999999997,18,20,notax,seller,9,15,0,2021-01-29 12:11:24,11-20,10
35505,40,0.18000000000000016,5,1,tax,seller,8,16.5,10,2021-01-29 11:33:55,1-10,1
35505,20,0.31000000000000005,5,2,tax,seller,7,16,10,2021-01-29 11:36:31,1-10,2
35505,20,0.1599999999999997,5,3,tax,seller,7,16,10,2021-01-29 11:37:50,1-10,3
35505,17,0.1100000000000001,5,4,tax,seller,5,16.5,10,2021-01-29 11:39:27,1-10,4
35505,20,0.1599999999999997,5,5,tax,seller,7,16.5,10,2021-01-29 11:41:36,1-10,5
35505,20,0.18000000000000016,5,6,tax,seller,8,16.5,10,2021-01-29 11:43:29,1-10,6
35505,30,0.22999999999999998,5,7,tax,seller,7,17,10,2021-01-29 11:45:28,1-10,7
35505,26,0.27,5,8,tax,seller,6,17,10,2021-01-29 11:47:28,1-10,8
35505,25,0.22999999999999998,5,9,tax,seller,4,17,10,2021-01-29 11:49:24,1-10,9
35505,25,0.22999999999999998,5,10,tax,seller,4,17.5,10,2021-01-29 11:51:44,1-10,10
35505,24,3,21,11,notax,buyer,10,15,0,2021-01-29 11:53:49,11-20,1
35505,26,3,21,12,notax,buyer,10,15,0,2021-01-29 11:55:49,11-20,2
35505,26,3.3000000000000003,21,13,notax,buyer,9,15,0,2021-01-29 11:57:32,11-20,3
35505,26,3.6,21,14,notax,buyer,8,15,0,2021-01-29 11:59:28,11-20,4
35505,25,3.3000000000000003,21,15,notax,buyer,9,15,0,2021-01-29 12:01:40,11-20,5
35505,23,3,21,16,notax,buyer,10,15,0,2021-01-29 12:03:19,11-20,6
35505,22,2.7,21,17,notax,buyer,11,15,0,2021-01-29 12:05:25,11-20,7
35505,22,3,21,18,notax,buyer,10,15,0,2021-01-29 12:07:41,11-20,8
35505,26,3.4,21,19,notax,buyer,7,15.5,0,2021-01-29 12:09:38,11-20,9
35505,26,3.3000000000000003,21,20,notax,buyer,9,15,0,2021-01-29 12:11:53,11-20,10
39597,15,0.18000000000000016,18,1,tax,buyer,8,16.5,10,2021-01-29 11:30:34,1-10,1
39597,10,0.31000000000000005,18,2,tax,buyer,7,16,10,2021-01-29 11:35:35,1-10,2
39597,13,0.1599999999999997,18,3,tax,buyer,7,16,10,2021-01-29 11:37:32,1-10,3
39597,14,0.1100000000000001,18,4,tax,buyer,5,16.5,10,2021-01-29 11:39:26,1-10,4
39597,14,0.1599999999999997,18,5,tax,buyer,7,16.5,10,2021-01-29 11:41:32,1-10,5
39597,17,1.6800000000000002,18,6,tax,buyer,8,16.5,10,2021-01-29 11:43:32,1-10,6
39597,15,0.22999999999999998,18,7,tax,buyer,7,17,10,2021-01-29 11:45:30,1-10,7
39597,15,0.27,18,8,tax,buyer,6,17,10,2021-01-29 11:47:34,1-10,8
39597,16,0.22999999999999998,18,9,tax,buyer,4,17,10,2021-01-29 11:49:28,1-10,9
39597,17,0.22999999999999998,18,10,tax,buyer,4,17.5,10,2021-01-29 11:51:28,1-10,10
39597,17,-1.03,11,11,tax,seller,5,20,10,2021-01-29 11:53:40,11-20,1
39597,20,-1.04,11,12,tax,seller,7,20,10,2021-01-29 11:55:31,11-20,2
39597,18,-1.0499999999999998,11,13,tax,seller,8,20,10,2021-01-29 11:57:25,11-20,3
39597,25,0.08000000000000007,11,14,tax,seller,6,20,10,2021-01-29 11:59:28,11-20,4
39597,30,0.08000000000000007,11,15,tax,seller,6,20,10,2021-01-29 12:01:32,11-20,5
39597,20,-0.9100000000000001,11,16,tax,seller,7,20,10,2021-01-29 12:03:34,11-20,6
39597,17,-0.9100000000000001,11,17,tax,seller,7,20,10,2021-01-29 12:05:25,11-20,7
39597,17,-0.9199999999999999,11,18,tax,seller,6,20,10,2021-01-29 12:07:37,11-20,8
39597,20,-0.9199999999999999,11,19,tax,seller,6,20,10,2021-01-29 12:09:33,11-20,9
39597,20,-0.9100000000000001,11,20,tax,seller,7,20,10,2021-01-29 12:11:32,11-20,10
43775,15,0.18000000000000016,10,1,tax,buyer,8,16.5,10,2021-01-29 11:31:50,1-10,1
43775,11,0.31000000000000005,10,2,tax,buyer,7,16,10,2021-01-29 11:36:41,1-10,2
43775,15,0.1599999999999997,10,3,tax,buyer,7,16,10,2021-01-29 11:38:33,1-10,3
43775,5,0.1100000000000001,10,4,tax,buyer,5,16.5,10,2021-01-29 11:39:31,1-10,4
43775,15,0.1599999999999997,10,5,tax,buyer,7,16.5,10,2021-01-29 11:42:28,1-10,5
43775,10,0.18000000000000016,10,6,tax,buyer,8,16.5,10,2021-01-29 11:44:06,1-10,6
43775,10,0.22999999999999998,10,7,tax,buyer,7,17,10,2021-01-29 11:46:27,1-10,7
43775,11,0.27,10,8,tax,buyer,6,17,10,2021-01-29 11:48:05,1-10,8
43775,3,0.22999999999999998,10,9,tax,buyer,4,17,10,2021-01-29 11:49:31,1-10,9
43775,10,0.22999999999999998,10,10,tax,buyer,4,17.5,10,2021-01-29 11:51:36,1-10,10
43775,10,-0.030000000000000027,20,11,tax,buyer,5,20,10,2021-01-29 11:54:15,11-20,1
43775,9,-0.040000000000000036,20,12,tax,buyer,7,20,10,2021-01-29 11:55:29,11-20,2
43775,20,-0.04999999999999982,20,13,tax,buyer,8,20,10,2021-01-29 11:57:34,11-20,3
43775,19,0.08000000000000007,20,14,tax,buyer,6,20,10,2021-01-29 11:59:27,11-20,4
43775,20,0.08000000000000007,20,15,tax,buyer,6,20,10,2021-01-29 12:01:27,11-20,5
43775,20,0.08999999999999986,20,16,tax,buyer,7,20,10,2021-01-29 12:03:40,11-20,6
43775,20,0.08999999999999986,20,17,tax,buyer,7,20,10,2021-01-29 12:05:23,11-20,7
43775,20,0.08000000000000007,20,18,tax,buyer,6,20,10,2021-01-29 12:07:28,11-20,8
43775,20,0.08000000000000007,20,19,tax,buyer,6,20,10,2021-01-29 12:09:35,11-20,9
43775,20,0.08999999999999986,20,20,tax,buyer,7,20,10,2021-01-29 12:11:21,11-20,10
44948,30,-2.6999999999999997,20,1,notax,seller,9,15,0,2021-01-29 11:31:54,1-10,1
44948,20,-3.3,20,2,notax,seller,11,15,0,2021-01-29 11:36:38,1-10,2
44948,15,-8.6,20,3,notax,seller,12,15,0,2021-01-29 11:38:59,1-10,3
44948,20,-3.3,20,4,notax,seller,11,15,0,2021-01-29 11:40:58,1-10,4
44948,25,-3,20,5,notax,seller,10,15,0,2021-01-29 11:42:43,1-10,5
44948,25,-3.5999999999999996,20,6,notax,seller,12,15,0,2021-01-29 11:44:28,1-10,6
44948,25,-2.6999999999999997,20,7,notax,seller,9,15,0,2021-01-29 11:46:11,1-10,7
44948,25,-3.3,20,8,notax,seller,11,15,0,2021-01-29 11:47:59,1-10,8
44948,25,-3.3,20,9,notax,seller,11,15,0,2021-01-29 11:49:50,1-10,9
44948,25,-3.9,20,10,notax,seller,13,15,0,2021-01-29 11:51:57,1-10,10
44948,15,-0.030000000000000027,22,11,tax,buyer,5,20,10,2021-01-29 11:53:52,11-20,1
44948,20,1.96,22,12,tax,buyer,7,20,10,2021-01-29 11:56:25,11-20,2
44948,20,1.9500000000000002,22,13,tax,buyer,8,20,10,2021-01-29 11:57:49,11-20,3
44948,20,2.08,22,14,tax,buyer,6,20,10,2021-01-29 11:59:45,11-20,4
44948,20,2.08,22,15,tax,buyer,6,20,10,2021-01-29 12:01:45,11-20,5
44948,20,2.09,22,16,tax,buyer,7,20,10,2021-01-29 12:03:34,11-20,6
44948,20,2.09,22,17,tax,buyer,7,20,10,2021-01-29 12:05:46,11-20,7
44948,20,2.08,22,18,tax,buyer,6,20,10,2021-01-29 12:07:27,11-20,8
44948,20,2.08,22,19,tax,buyer,6,20,10,2021-01-29 12:10:33,11-20,9
44948,20,2.09,22,20,tax,buyer,7,20,10,2021-01-29 12:12:01,11-20,10
45448,27,9.3,27,1,notax,buyer,9,15,0,2021-01-29 11:31:11,1-10,1
45448,20,8.7,27,2,notax,buyer,11,15,0,2021-01-29 11:35:44,1-10,2
45448,15,8.4,27,3,notax,buyer,12,15,0,2021-01-29 11:37:37,1-10,3
45448,19,8.7,27,4,notax,buyer,11,15,0,2021-01-29 11:39:38,1-10,4
45448,23,9,27,5,notax,buyer,10,15,0,2021-01-29 11:41:43,1-10,5
45448,19,8.4,27,6,notax,buyer,12,15,0,2021-01-29 11:43:46,1-10,6
45448,22,9.3,27,7,notax,buyer,9,15,0,2021-01-29 11:45:36,1-10,7
45448,25,8.7,27,8,notax,buyer,11,15,0,2021-01-29 11:47:29,1-10,8
45448,15,8.7,27,9,notax,buyer,11,15,0,2021-01-29 11:49:36,1-10,9
45448,16,8.1,27,10,notax,buyer,13,15,0,2021-01-29 11:52:10,1-10,10
45448,28,7.97,28,11,tax,buyer,5,20,10,2021-01-29 11:53:54,11-20,1
45448,25,7.960000000000001,28,12,tax,buyer,7,20,10,2021-01-29 11:55:36,11-20,2
45448,22,7.949999999999999,28,13,tax,buyer,8,20,10,2021-01-29 11:58:25,11-20,3
45448,21,8.08,28,14,tax,buyer,6,20,10,2021-01-29 11:59:50,11-20,4
45448,20,8.08,28,15,tax,buyer,6,20,10,2021-01-29 12:01:28,11-20,5
45448,20,8.09,28,16,tax,buyer,7,20,10,2021-01-29 12:03:22,11-20,6
45448,22,8.09,28,17,tax,buyer,7,20,10,2021-01-29 12:05:41,11-20,7
45448,25,8.08,28,18,tax,buyer,6,20,10,2021-01-29 12:07:22,11-20,8
45448,23,8.08,28,19,tax,buyer,6,20,10,2021-01-29 12:10:15,11-20,9
45448,21,8.09,28,20,tax,buyer,7,20,10,2021-01-29 12:11:40,11-20,10
47275,26,11.68,28,1,tax,buyer,8,16.5,10,2021-01-29 11:30:51,1-10,1
47275,16,12.31,28,2,tax,buyer,7,16,10,2021-01-29 11:35:37,1-10,2
47275,17,12.16,28,3,tax,buyer,7,16,10,2021-01-29 11:37:19,1-10,3
47275,16,0.1100000000000001,28,4,tax,buyer,5,16.5,10,2021-01-29 11:39:33,1-10,4
47275,25,11.66,28,5,tax,buyer,7,16.5,10,2021-01-29 11:41:40,1-10,5
47275,21,11.68,28,6,tax,buyer,8,16.5,10,2021-01-29 11:43:31,1-10,6
47275,20,11.23,28,7,tax,buyer,7,17,10,2021-01-29 11:45:24,1-10,7
47275,19,11.27,28,8,tax,buyer,6,17,10,2021-01-29 11:47:30,1-10,8
47275,17,11.23,28,9,tax,buyer,4,17,10,2021-01-29 11:49:20,1-10,9
47275,17,0.22999999999999998,28,10,tax,buyer,4,17.5,10,2021-01-29 11:51:37,1-10,10
47275,25,-0.030000000000000027,20,11,tax,buyer,5,20,10,2021-01-29 11:53:34,11-20,1
47275,9,-0.040000000000000036,20,12,tax,buyer,7,20,10,2021-01-29 11:55:32,11-20,2
47275,21,-0.04999999999999982,20,13,tax,buyer,8,20,10,2021-01-29 11:57:30,11-20,3
47275,25,0.08000000000000007,20,14,tax,buyer,6,20,10,2021-01-29 11:59:24,11-20,4
47275,24,0.08000000000000007,20,15,tax,buyer,6,20,10,2021-01-29 12:01:28,11-20,5
47275,23,0.08999999999999986,20,16,tax,buyer,7,20,10,2021-01-29 12:03:25,11-20,6
47275,23,0.08999999999999986,20,17,tax,buyer,7,20,10,2021-01-29 12:05:25,11-20,7
47275,23,0.08000000000000007,20,18,tax,buyer,6,20,10,2021-01-29 12:07:19,11-20,8
47275,24,0.08000000000000007,20,19,tax,buyer,6,20,10,2021-01-29 12:09:24,11-20,9
47275,15,0.08999999999999986,20,20,tax,buyer,7,20,10,2021-01-29 12:11:26,11-20,10
47463,15,4.300000000000001,8,1,notax,seller,9,15,0,2021-01-29 11:31:13,1-10,1
47463,15,3.7,8,2,notax,seller,11,15,0,2021-01-29 11:35:39,1-10,2
47463,15,3.4000000000000004,8,3,notax,seller,12,15,0,2021-01-29 11:38:02,1-10,3
47463,15,3.7,8,4,notax,seller,11,15,0,2021-01-29 11:40:04,1-10,4
47463,15,4,8,5,notax,seller,10,15,0,2021-01-29 11:41:35,1-10,5
47463,15,3.4000000000000004,8,6,notax,seller,12,15,0,2021-01-29 11:44:01,1-10,6
47463,15,4.300000000000001,8,7,notax,seller,9,15,0,2021-01-29 11:46:02,1-10,7
47463,15,3.7,8,8,notax,seller,11,15,0,2021-01-29 11:47:46,1-10,8
47463,15,3.7,8,9,notax,seller,11,15,0,2021-01-29 11:49:28,1-10,9
47463,15,3.1,8,10,notax,seller,13,15,0,2021-01-29 11:51:28,1-10,10
47463,14,6,6,11,notax,seller,10,15,0,2021-01-29 11:53:49,11-20,1
50768,27,0.18000000000000016,17,1,tax,seller,8,16.5,10,2021-01-29 11:31:07,1-10,1
50768,27,0.31000000000000005,17,2,tax,seller,7,16,10,2021-01-29 11:36:12,1-10,2
50768,22,0.1599999999999997,17,3,tax,seller,7,16,10,2021-01-29 11:38:00,1-10,3
50768,22,0.1100000000000001,17,4,tax,seller,5,16.5,10,2021-01-29 11:39:51,1-10,4
50768,22,0.1599999999999997,17,5,tax,seller,7,16.5,10,2021-01-29 11:42:17,1-10,5
50768,22,0.18000000000000016,17,6,tax,seller,8,16.5,10,2021-01-29 11:43:45,1-10,6
50768,22,0.22999999999999998,17,7,tax,seller,7,17,10,2021-01-29 11:46:35,1-10,7
50768,22,0.27,17,8,tax,seller,6,17,10,2021-01-29 11:48:30,1-10,8
50768,22,0.22999999999999998,17,9,tax,seller,4,17,10,2021-01-29 11:49:27,1-10,9
50768,22,0.22999999999999998,17,10,tax,seller,4,17.5,10,2021-01-29 11:51:29,1-10,10
50768,13,-3,13,11,notax,buyer,10,15,0,2021-01-29 11:54:11,11-20,1
50768,15,-5.3,13,12,notax,buyer,11,15,0,2021-01-29 11:57:31,11-20,2
50768,13,-2.6999999999999997,13,13,notax,buyer,9,15,0,2021-01-29 11:59:34,11-20,3
50986,12,2.3000000000000003,10,1,notax,seller,9,15,0,2021-01-29 11:34:22,1-10,1
50986,14,1.7000000000000002,10,2,notax,seller,11,15,0,2021-01-29 11:37:00,1-10,2
50986,13,2,10,3,notax,seller,10,15,0,2021-01-29 11:38:13,1-10,3
50986,11,1.7000000000000002,10,4,notax,seller,11,15,0,2021-01-29 11:40:00,1-10,4
50986,10,2,10,5,notax,seller,10,15,0,2021-01-29 11:42:59,1-10,5
50986,9,1.4000000000000004,10,6,notax,seller,12,15,0,2021-01-29 11:44:55,1-10,6
50986,12,2.3000000000000003,10,7,notax,seller,9,15,0,2021-01-29 11:45:55,1-10,7
50986,13,1.7000000000000002,10,8,notax,seller,11,15,0,2021-01-29 11:48:05,1-10,8
50986,12.5,1.7000000000000002,10,9,notax,seller,11,15,0,2021-01-29 11:49:55,1-10,9
50986,12,1.1,10,10,notax,seller,13,15,0,2021-01-29 11:51:37,1-10,10
50986,15,-0.030000000000000027,22,11,tax,buyer,5,20,10,2021-01-29 11:54:35,11-20,1
50986,22,1.96,22,12,tax,buyer,7,20,10,2021-01-29 11:57:07,11-20,2
50986,24,1.9500000000000002,22,13,tax,buyer,8,20,10,2021-01-29 11:57:54,11-20,3
50986,23,2.08,22,14,tax,buyer,6,20,10,2021-01-29 12:00:02,11-20,4
50986,25,2.08,22,15,tax,buyer,6,20,10,2021-01-29 12:02:04,11-20,5
50986,24,2.09,22,16,tax,buyer,7,20,10,2021-01-29 12:04:29,11-20,6
50986,23,2.09,22,17,tax,buyer,7,20,10,2021-01-29 12:06:24,11-20,7
50986,22,2.08,22,18,tax,buyer,6,20,10,2021-01-29 12:07:41,11-20,8
50986,21,2.08,22,19,tax,buyer,6,20,10,2021-01-29 12:09:52,11-20,9
50986,22,2.09,22,20,tax,buyer,7,20,10,2021-01-29 12:12:23,11-20,10
51534,6,2.3000000000000003,10,1,notax,seller,9,15,0,2021-01-29 11:30:32,1-10,1
51534,15,1.7000000000000002,10,2,notax,seller,11,15,0,2021-01-29 11:35:40,1-10,2
51534,20,-3.5999999999999996,10,3,notax,seller,12,15,0,2021-01-29 11:38:03,1-10,3
51534,20,-3.3,10,4,notax,seller,11,15,0,2021-01-29 11:40:59,1-10,4
51534,15,2,10,5,notax,seller,10,15,0,2021-01-29 11:41:29,1-10,5
51534,14,1.4000000000000004,10,6,notax,seller,12,15,0,2021-01-29 11:43:51,1-10,6
51534,13,2.3000000000000003,10,7,notax,seller,9,15,0,2021-01-29 11:45:39,1-10,7
51534,12,1.7000000000000002,10,8,notax,seller,11,15,0,2021-01-29 11:47:28,1-10,8
51534,11,1.7000000000000002,10,9,notax,seller,11,15,0,2021-01-29 11:49:30,1-10,9
51534,14.5,1.1,10,10,notax,seller,13,15,0,2021-01-29 11:51:37,1-10,10
51534,14,-0.030000000000000027,12,11,tax,buyer,5,20,10,2021-01-29 11:53:29,11-20,1
51534,17,-0.040000000000000036,12,12,tax,buyer,7,20,10,2021-01-29 11:56:01,11-20,2
51534,16,-0.04999999999999982,12,13,tax,buyer,8,20,10,2021-01-29 11:57:43,11-20,3
51534,15,0.08000000000000007,12,14,tax,buyer,6,20,10,2021-01-29 11:59:35,11-20,4
51534,14,0.08000000000000007,12,15,tax,buyer,6,20,10,2021-01-29 12:01:23,11-20,5
51534,13,0.08999999999999986,12,16,tax,buyer,7,20,10,2021-01-29 12:03:24,11-20,6
51534,12,0.08999999999999986,12,17,tax,buyer,7,20,10,2021-01-29 12:05:54,11-20,7
51534,11,0.08000000000000007,12,18,tax,buyer,6,20,10,2021-01-29 12:07:35,11-20,8
51534,10,0.08000000000000007,12,19,tax,buyer,6,20,10,2021-01-29 12:09:32,11-20,9
51534,9.5,0.08999999999999986,12,20,tax,buyer,7,20,10,2021-01-29 12:11:23,11-20,10
51698,6,5.68,1,1,tax,seller,8,16.5,10,2021-01-29 11:31:07,1-10,1
51698,6,5.23,1,2,tax,seller,7,16,10,2021-01-29 11:35:48,1-10,2
51698,16,5.16,1,3,tax,seller,7,16,10,2021-01-29 11:38:14,1-10,3
51698,16,5.61,1,4,tax,seller,5,16.5,10,2021-01-29 11:40:26,1-10,4
51698,16,5.66,1,5,tax,seller,7,16.5,10,2021-01-29 11:41:30,1-10,5
51698,16,5.68,1,6,tax,seller,8,16.5,10,2021-01-29 11:43:46,1-10,6
51724,19,0.18000000000000016,9,1,tax,seller,8,16.5,10,2021-01-29 11:31:03,1-10,1
51724,16,-2.6899999999999995,9,2,tax,seller,7,16,10,2021-01-29 11:36:30,1-10,2
51724,20,0.1599999999999997,9,3,tax,seller,7,16,10,2021-01-29 11:38:02,1-10,3
51724,21,0.1100000000000001,9,4,tax,seller,5,16.5,10,2021-01-29 11:39:54,1-10,4
51724,23,0.1599999999999997,9,5,tax,seller,7,16.5,10,2021-01-29 11:41:53,1-10,5
51724,15,-2.3200000000000003,9,6,tax,seller,8,16.5,10,2021-01-29 11:43:33,1-10,6
51724,26,0.22999999999999998,9,7,tax,seller,7,17,10,2021-01-29 11:45:53,1-10,7
51724,17,-1.73,9,8,tax,seller,6,17,10,2021-01-29 11:48:02,1-10,8
51724,19,0.22999999999999998,9,9,tax,seller,4,17,10,2021-01-29 11:49:39,1-10,9
51724,18.77,0.22999999999999998,9,10,tax,seller,4,17.5,10,2021-01-29 11:51:44,1-10,10
51724,18,-0.030000000000000027,20,11,tax,buyer,5,20,10,2021-01-29 11:54:00,11-20,1
51724,21,-0.040000000000000036,20,12,tax,buyer,7,20,10,2021-01-29 11:56:13,11-20,2
51724,20,-0.04999999999999982,20,13,tax,buyer,8,20,10,2021-01-29 11:57:40,11-20,3
51724,19,0.08000000000000007,20,14,tax,buyer,6,20,10,2021-01-29 11:59:39,11-20,4
51724,23,0.08000000000000007,20,15,tax,buyer,6,20,10,2021-01-29 12:01:28,11-20,5
51724,24,0.08999999999999986,20,16,tax,buyer,7,20,10,2021-01-29 12:03:51,11-20,6
51724,25,0.08999999999999986,20,17,tax,buyer,7,20,10,2021-01-29 12:05:30,11-20,7
51724,23,0.08000000000000007,20,18,tax,buyer,6,20,10,2021-01-29 12:07:23,11-20,8
51724,24,0.08000000000000007,20,19,tax,buyer,6,20,10,2021-01-29 12:10:05,11-20,9
51724,21,0.08999999999999986,20,20,tax,buyer,7,20,10,2021-01-29 12:11:33,11-20,10
51914,14,10.3,2,1,notax,seller,9,15,0,2021-01-29 11:30:36,1-10,1
51914,13,9.7,2,2,notax,seller,11,15,0,2021-01-29 11:36:03,1-10,2
51914,13,9.4,2,3,notax,seller,12,15,0,2021-01-29 11:37:53,1-10,3
51914,15,9.7,2,4,notax,seller,11,15,0,2021-01-29 11:39:52,1-10,4
51914,15,10,2,5,notax,seller,10,15,0,2021-01-29 11:41:44,1-10,5
51914,14,9.4,2,6,notax,seller,12,15,0,2021-01-29 11:43:37,1-10,6
51914,15,10.3,2,7,notax,seller,9,15,0,2021-01-29 11:45:41,1-10,7
51914,15,9.7,2,8,notax,seller,11,15,0,2021-01-29 11:48:09,1-10,8
51914,15,9.7,2,9,notax,seller,11,15,0,2021-01-29 11:49:35,1-10,9
51914,15,9.1,2,10,notax,seller,13,15,0,2021-01-29 11:51:26,1-10,10
51914,35,-0.030000000000000027,11,11,tax,seller,5,20,10,2021-01-29 11:53:45,11-20,1
51914,25,-0.040000000000000036,11,12,tax,seller,7,20,10,2021-01-29 11:55:57,11-20,2
51914,25,-0.04999999999999982,11,13,tax,seller,8,20,10,2021-01-29 11:58:17,11-20,3
51914,20,-0.9199999999999999,11,14,tax,seller,6,20,10,2021-01-29 12:00:27,11-20,4
51914,25,0.08000000000000007,11,15,tax,seller,6,20,10,2021-01-29 12:01:32,11-20,5
51914,25,0.08999999999999986,11,16,tax,seller,7,20,10,2021-01-29 12:03:33,11-20,6
51914,25,0.08999999999999986,11,17,tax,seller,7,20,10,2021-01-29 12:05:39,11-20,7
51914,25,0.08000000000000007,11,18,tax,seller,6,20,10,2021-01-29 12:07:58,11-20,8
51914,25,0.08000000000000007,11,19,tax,seller,6,20,10,2021-01-29 12:09:35,11-20,9
51914,25,0.08999999999999986,11,20,tax,seller,7,20,10,2021-01-29 12:11:28,11-20,10
54668,17,-0.6999999999999997,17,1,notax,buyer,9,15,0,2021-01-29 11:30:20,1-10,1
54668,17,-1.2999999999999998,17,2,notax,buyer,11,15,0,2021-01-29 11:35:32,1-10,2
54668,17,-1,17,3,notax,buyer,10,15,0,2021-01-29 11:37:19,1-10,3
54668,15,-1.2999999999999998,17,4,notax,buyer,11,15,0,2021-01-29 11:39:32,1-10,4
54668,12.5,-3,17,5,notax,buyer,10,15,0,2021-01-29 11:41:42,1-10,5
54668,18,-1.5999999999999996,17,6,notax,buyer,12,15,0,2021-01-29 11:43:42,1-10,6
54668,15,-0.6999999999999997,17,7,notax,buyer,9,15,0,2021-01-29 11:45:24,1-10,7
54668,15,-1.2999999999999998,17,8,notax,buyer,11,15,0,2021-01-29 11:47:29,1-10,8
54668,15,-1.2999999999999998,17,9,notax,buyer,11,15,0,2021-01-29 11:49:50,1-10,9
54668,15,-1.9,17,10,notax,buyer,13,15,0,2021-01-29 11:51:28,1-10,10
54668,12,-0.030000000000000027,12,11,tax,buyer,5,20,10,2021-01-29 11:53:36,11-20,1
54668,12,-0.040000000000000036,12,12,tax,buyer,7,20,10,2021-01-29 11:55:55,11-20,2
54668,12,-0.04999999999999982,12,13,tax,buyer,8,20,10,2021-01-29 11:57:26,11-20,3
54668,12,0.08000000000000007,12,14,tax,buyer,6,20,10,2021-01-29 11:59:37,11-20,4
54668,12,0.08000000000000007,12,15,tax,buyer,6,20,10,2021-01-29 12:01:21,11-20,5
54668,12,0.08999999999999986,12,16,tax,buyer,7,20,10,2021-01-29 12:03:28,11-20,6
54668,12,0.08999999999999986,12,17,tax,buyer,7,20,10,2021-01-29 12:05:26,11-20,7
54668,12,0.08000000000000007,12,18,tax,buyer,6,20,10,2021-01-29 12:07:42,11-20,8
54668,12,0.08000000000000007,12,19,tax,buyer,6,20,10,2021-01-29 12:09:18,11-20,9
54668,12,0.08999999999999986,12,20,tax,buyer,7,20,10,2021-01-29 12:11:40,11-20,10
55210,7.59,0.30000000000000027,12,1,notax,seller,9,15,0,2021-01-29 11:30:47,1-10,1
55210,9.65,-0.2999999999999998,12,2,notax,seller,11,15,0,2021-01-29 11:35:57,1-10,2
55210,12.76,-0.2999999999999998,12,3,notax,seller,11,15,0,2021-01-29 11:38:17,1-10,3
55210,9.49,-0.2999999999999998,12,4,notax,seller,11,15,0,2021-01-29 11:39:44,1-10,4
55210,11.86,0,12,5,notax,seller,10,15,0,2021-01-29 11:41:32,1-10,5
55210,10.33,-0.5999999999999996,12,6,notax,seller,12,15,0,2021-01-29 11:43:41,1-10,6
55210,13.74,0.30000000000000027,12,7,notax,seller,9,15,0,2021-01-29 11:45:36,1-10,7
55210,12.64,-0.2999999999999998,12,8,notax,seller,11,15,0,2021-01-29 11:47:25,1-10,8
55210,16.85,-3.3,12,9,notax,seller,11,15,0,2021-01-29 11:49:34,1-10,9
55210,11.35,-0.8999999999999999,12,10,notax,seller,13,15,0,2021-01-29 11:51:42,1-10,10
55210,10.67,-0.030000000000000027,22,11,tax,buyer,5,20,10,2021-01-29 11:53:35,11-20,1
55210,20.75,1.96,22,12,tax,buyer,7,20,10,2021-01-29 11:55:30,11-20,2
55210,13.46,-0.04999999999999982,22,13,tax,buyer,8,20,10,2021-01-29 11:57:35,11-20,3
55210,24.67,2.08,22,14,tax,buyer,6,20,10,2021-01-29 11:59:35,11-20,4
55210,18.92,0.08000000000000007,22,15,tax,buyer,6,20,10,2021-01-29 12:01:34,11-20,5
55210,17.68,0.08999999999999986,22,16,tax,buyer,7,20,10,2021-01-29 12:03:30,11-20,6
55210,14.58,0.08999999999999986,22,17,tax,buyer,7,20,10,2021-01-29 12:05:35,11-20,7
55210,23.74,2.08,22,18,tax,buyer,6,20,10,2021-01-29 12:07:33,11-20,8
55210,13.48,0.08000000000000007,22,19,tax,buyer,6,20,10,2021-01-29 12:09:35,11-20,9
55210,24.65,2.09,22,20,tax,buyer,7,20,10,2021-01-29 12:11:34,11-20,10
56170,20,1.3000000000000003,19,1,notax,buyer,9,15,0,2021-01-29 11:31:25,1-10,1
56170,14,-3.3,19,2,notax,buyer,11,15,0,2021-01-29 11:36:07,1-10,2
56170,2,-3,19,3,notax,buyer,10,15,0,2021-01-29 11:37:49,1-10,3
56170,15,0.7000000000000002,19,4,notax,buyer,11,15,0,2021-01-29 11:39:38,1-10,4
56170,1,-3,19,5,notax,buyer,10,15,0,2021-01-29 11:41:49,1-10,5
56170,2,-3.5999999999999996,19,6,notax,buyer,12,15,0,2021-01-29 11:44:06,1-10,6
56170,8,-2.6999999999999997,19,7,notax,buyer,9,15,0,2021-01-29 11:45:38,1-10,7
56170,2,-3.3,19,8,notax,buyer,11,15,0,2021-01-29 11:47:44,1-10,8
56170,1,-3.3,19,9,notax,buyer,11,15,0,2021-01-29 11:49:34,1-10,9
56170,0.01,-3.9,19,10,notax,buyer,13,15,0,2021-01-29 11:51:40,1-10,10
56170,0.2,-3,25,11,notax,buyer,10,15,0,2021-01-29 11:53:35,11-20,1
56170,15,6.7,25,12,notax,buyer,11,15,0,2021-01-29 11:55:49,11-20,2
56170,9,-2.6999999999999997,25,13,notax,buyer,9,15,0,2021-01-29 11:58:03,11-20,3
56170,15,7.6,25,14,notax,buyer,8,15,0,2021-01-29 11:59:31,11-20,4
56170,13,-2.6999999999999997,25,15,notax,buyer,9,15,0,2021-01-29 12:01:32,11-20,5
56170,15,7,25,16,notax,buyer,10,15,0,2021-01-29 12:03:24,11-20,6
56170,10,-3.3,25,17,notax,buyer,11,15,0,2021-01-29 12:05:36,11-20,7
56170,17,7,25,18,notax,buyer,10,15,0,2021-01-29 12:07:30,11-20,8
56170,9,-2.1,25,19,notax,buyer,7,15.5,0,2021-01-29 12:09:26,11-20,9
56170,9,-2.6999999999999997,25,20,notax,buyer,9,15,0,2021-01-29 12:11:32,11-20,10
56208,25,11.3,29,1,notax,buyer,9,15,0,2021-01-29 11:31:16,1-10,1
56208,15,10.7,29,2,notax,buyer,11,15,0,2021-01-29 11:36:00,1-10,2
56208,14,-3.3,29,3,notax,buyer,11,15,0,2021-01-29 11:37:48,1-10,3
56208,16,10.7,29,4,notax,buyer,11,15,0,2021-01-29 11:39:32,1-10,4
56208,9,-3,29,5,notax,buyer,10,15,0,2021-01-29 11:42:00,1-10,5
56208,10,-3.5999999999999996,29,6,notax,buyer,12,15,0,2021-01-29 11:44:00,1-10,6
56208,10,-2.6999999999999997,29,7,notax,buyer,9,15,0,2021-01-29 11:45:57,1-10,7
56208,3,-3.3,29,8,notax,buyer,11,15,0,2021-01-29 11:47:38,1-10,8
56208,0.01,-3.3,29,9,notax,buyer,11,15,0,2021-01-29 11:49:33,1-10,9
56208,15,10.1,29,10,notax,buyer,13,15,0,2021-01-29 11:51:35,1-10,10
56208,22,-0.030000000000000027,17,11,tax,seller,5,20,10,2021-01-29 11:54:05,11-20,1
56208,25,-0.040000000000000036,17,12,tax,seller,7,20,10,2021-01-29 11:56:08,11-20,2
56208,30,-0.04999999999999982,17,13,tax,seller,8,20,10,2021-01-29 11:57:43,11-20,3
56208,25,0.08000000000000007,17,14,tax,seller,6,20,10,2021-01-29 11:59:51,11-20,4
56208,40,0.08000000000000007,17,15,tax,seller,6,20,10,2021-01-29 12:01:34,11-20,5
56208,39.99,0.08999999999999986,17,16,tax,seller,7,20,10,2021-01-29 12:03:28,11-20,6
56208,35.38,0.08999999999999986,17,17,tax,seller,7,20,10,2021-01-29 12:05:32,11-20,7
56208,39.99,0.08000000000000007,17,18,tax,seller,6,20,10,2021-01-29 12:07:29,11-20,8
56208,38.88,0.08000000000000007,17,19,tax,seller,6,20,10,2021-01-29 12:09:35,11-20,9
56208,37.77,0.08999999999999986,17,20,tax,seller,7,20,10,2021-01-29 12:11:35,11-20,10
60599,15,1.6800000000000002,5,1,tax,seller,8,16.5,10,2021-01-29 11:30:41,1-10,1
60599,16,1.31,5,2,tax,seller,7,16,10,2021-01-29 11:35:37,1-10,2
60599,17,0.1599999999999997,5,3,tax,seller,7,16,10,2021-01-29 11:37:37,1-10,3
60599,17,0.1100000000000001,5,4,tax,seller,5,16.5,10,2021-01-29 11:39:35,1-10,4
60599,16,1.6599999999999997,5,5,tax,seller,7,16.5,10,2021-01-29 11:41:35,1-10,5
60599,16,1.6800000000000002,5,6,tax,seller,8,16.5,10,2021-01-29 11:43:38,1-10,6
60599,17,2.23,5,7,tax,seller,7,17,10,2021-01-29 11:45:51,1-10,7
60599,18,0.27,5,8,tax,seller,6,17,10,2021-01-29 11:47:42,1-10,8
60599,17,2.23,5,9,tax,seller,4,17,10,2021-01-29 11:49:32,1-10,9
60599,17,2.73,5,10,tax,seller,4,17.5,10,2021-01-29 11:51:40,1-10,10
60599,27,9,27,11,notax,buyer,10,15,0,2021-01-29 11:53:57,11-20,1
60599,27,9,27,12,notax,buyer,10,15,0,2021-01-29 11:56:02,11-20,2
60599,30,9.3,27,13,notax,buyer,9,15,0,2021-01-29 11:57:34,11-20,3
60599,32,9.6,27,14,notax,buyer,8,15,0,2021-01-29 11:59:47,11-20,4
60599,32,9.3,27,15,notax,buyer,9,15,0,2021-01-29 12:01:25,11-20,5
60599,32,9,27,16,notax,buyer,10,15,0,2021-01-29 12:03:30,11-20,6
60599,32,8.7,27,17,notax,buyer,11,15,0,2021-01-29 12:05:34,11-20,7
60599,32,9,27,18,notax,buyer,10,15,0,2021-01-29 12:07:41,11-20,8
60599,32,9.4,27,19,notax,buyer,7,15.5,0,2021-01-29 12:10:03,11-20,9
60599,32,9.3,27,20,notax,buyer,9,15,0,2021-01-29 12:11:33,11-20,10
63998,20,7.68,24,1,tax,buyer,8,16.5,10,2021-01-29 11:30:29,1-10,1
63998,17,8.31,24,2,tax,buyer,7,16,10,2021-01-29 11:35:43,1-10,2
63998,17,8.16,24,3,tax,buyer,7,16,10,2021-01-29 11:37:25,1-10,3
63998,16,0.1100000000000001,24,4,tax,buyer,5,16.5,10,2021-01-29 11:39:34,1-10,4
63998,17,7.66,24,5,tax,buyer,7,16.5,10,2021-01-29 11:41:36,1-10,5
63998,17,7.68,24,6,tax,buyer,8,16.5,10,2021-01-29 11:43:21,1-10,6
63998,18,7.23,24,7,tax,buyer,7,17,10,2021-01-29 11:45:40,1-10,7
63998,18,7.27,24,8,tax,buyer,6,17,10,2021-01-29 11:47:42,1-10,8
63998,17,7.2299999999999995,24,9,tax,buyer,4,17,10,2021-01-29 11:49:52,1-10,9
63998,17,0.22999999999999998,24,10,tax,buyer,4,17.5,10,2021-01-29 11:51:31,1-10,10
63998,17,-0.030000000000000027,12,11,tax,buyer,5,20,10,2021-01-29 11:54:04,11-20,1
63998,17,-0.040000000000000036,12,12,tax,buyer,7,20,10,2021-01-29 11:55:41,11-20,2
63998,10,-0.04999999999999982,12,13,tax,buyer,8,20,10,2021-01-29 11:57:57,11-20,3
63998,17,0.08000000000000007,12,14,tax,buyer,6,20,10,2021-01-29 11:59:26,11-20,4
63998,10,0.08000000000000007,12,15,tax,buyer,6,20,10,2021-01-29 12:01:29,11-20,5
63998,17,0.08999999999999986,12,16,tax,buyer,7,20,10,2021-01-29 12:03:32,11-20,6
63998,17,0.08999999999999986,12,17,tax,buyer,7,20,10,2021-01-29 12:05:25,11-20,7
63998,17,0.08000000000000007,12,18,tax,buyer,6,20,10,2021-01-29 12:07:23,11-20,8
63998,17,0.08000000000000007,12,19,tax,buyer,6,20,10,2021-01-29 12:09:21,11-20,9
63998,17,0.08999999999999986,12,20,tax,buyer,7,20,10,2021-01-29 12:11:44,11-20,10
65917,20,-2.6999999999999997,16,1,notax,seller,9,15,0,2021-01-29 11:30:24,1-10,1
65917,16,-3.3,16,2,notax,seller,11,15,0,2021-01-29 11:35:51,1-10,2
65917,14,-4,16,3,notax,seller,10,15,0,2021-01-29 11:37:52,1-10,3
65917,16,-3.3,16,4,notax,seller,11,15,0,2021-01-29 11:39:45,1-10,4
65917,17,-3,16,5,notax,seller,10,15,0,2021-01-29 11:41:48,1-10,5
65917,18,-3.5999999999999996,16,6,notax,seller,12,15,0,2021-01-29 11:43:47,1-10,6
65917,17,-2.6999999999999997,16,7,notax,seller,9,15,0,2021-01-29 11:45:45,1-10,7
65917,17,-3.3,16,8,notax,seller,11,15,0,2021-01-29 11:48:05,1-10,8
65917,20,-3.3,16,9,notax,seller,11,15,0,2021-01-29 11:49:35,1-10,9
65917,20,-3.9,16,10,notax,seller,13,15,0,2021-01-29 11:52:10,1-10,10
65917,20,-5.03,15,11,tax,seller,5,20,10,2021-01-29 11:54:16,11-20,1
65917,28,-0.040000000000000036,15,12,tax,seller,7,20,10,2021-01-29 11:56:01,11-20,2
65917,26,-0.04999999999999982,15,13,tax,seller,8,20,10,2021-01-29 11:58:00,11-20,3
65917,30,0.08000000000000007,15,14,tax,seller,6,20,10,2021-01-29 12:00:03,11-20,4
65917,35,0.08000000000000007,15,15,tax,seller,6,20,10,2021-01-29 12:02:17,11-20,5
65917,38,0.08999999999999986,15,16,tax,seller,7,20,10,2021-01-29 12:03:48,11-20,6
65917,38,0.08999999999999986,15,17,tax,seller,7,20,10,2021-01-29 12:05:53,11-20,7
65917,36.88,0.08000000000000007,15,18,tax,seller,6,20,10,2021-01-29 12:07:51,11-20,8
65917,35.88,0.08000000000000007,15,19,tax,seller,6,20,10,2021-01-29 12:10:00,11-20,9
65917,35.99,0.08999999999999986,15,20,tax,seller,7,20,10,2021-01-29 12:11:45,11-20,10
66746,30,9.68,26,1,tax,buyer,8,16.5,10,2021-01-29 11:32:38,1-10,1
66746,18,10.23,26,2,tax,buyer,7,16,10,2021-01-29 11:36:21,1-10,2
66746,18,10.16,26,3,tax,buyer,7,16,10,2021-01-29 11:37:58,1-10,3
66746,18,9.61,26,4,tax,buyer,5,16.5,10,2021-01-29 11:39:50,1-10,4
66746,18,9.66,26,5,tax,buyer,7,16.5,10,2021-01-29 11:42:18,1-10,5
66746,18,9.68,26,6,tax,buyer,8,16.5,10,2021-01-29 11:44:02,1-10,6
66746,18,9.23,26,7,tax,buyer,7,17,10,2021-01-29 11:46:09,1-10,7
66746,18,9.27,26,8,tax,buyer,6,17,10,2021-01-29 11:48:05,1-10,8
66746,18,9.23,26,9,tax,buyer,4,17,10,2021-01-29 11:50:27,1-10,9
66746,18,8.73,26,10,tax,buyer,4,17.5,10,2021-01-29 11:51:43,1-10,10
66746,15,5,23,11,notax,buyer,10,15,0,2021-01-29 11:54:02,11-20,1
66746,16,5,23,12,notax,buyer,10,15,0,2021-01-29 11:56:50,11-20,2
66746,16,5.300000000000001,23,13,notax,buyer,9,15,0,2021-01-29 11:57:42,11-20,3
66746,17,5.6,23,14,notax,buyer,8,15,0,2021-01-29 12:01:05,11-20,4
66746,16,5.300000000000001,23,15,notax,buyer,9,15,0,2021-01-29 12:01:31,11-20,5
66746,16,5,23,16,notax,buyer,10,15,0,2021-01-29 12:03:48,11-20,6
66746,16,4.7,23,17,notax,buyer,11,15,0,2021-01-29 12:06:56,11-20,7
66746,16,5,23,18,notax,buyer,10,15,0,2021-01-29 12:08:11,11-20,8
66746,16,5.4,23,19,notax,buyer,7,15.5,0,2021-01-29 12:09:32,11-20,9
66746,16,5.300000000000001,23,20,notax,buyer,9,15,0,2021-01-29 12:11:48,11-20,10
67047,20,7.300000000000001,25,1,notax,buyer,9,15,0,2021-01-29 11:30:53,1-10,1
67047,19,6.7,25,2,notax,buyer,11,15,0,2021-01-29 11:35:54,1-10,2
67047,19,6.7,25,3,notax,buyer,11,15,0,2021-01-29 11:37:40,1-10,3
67047,18,6.7,25,4,notax,buyer,11,15,0,2021-01-29 11:39:34,1-10,4
67047,19,7,25,5,notax,buyer,10,15,0,2021-01-29 11:41:37,1-10,5
67047,19,6.4,25,6,notax,buyer,12,15,0,2021-01-29 11:43:36,1-10,6
67047,20,7.300000000000001,25,7,notax,buyer,9,15,0,2021-01-29 11:45:35,1-10,7
67047,20,6.7,25,8,notax,buyer,11,15,0,2021-01-29 11:47:29,1-10,8
67047,20,6.7,25,9,notax,buyer,11,15,0,2021-01-29 11:49:36,1-10,9
67047,19,6.1,25,10,notax,buyer,13,15,0,2021-01-29 11:51:32,1-10,10
67047,20,-3,4,11,notax,seller,10,15,0,2021-01-29 11:53:47,11-20,1
67047,10,8,4,12,notax,seller,10,15,0,2021-01-29 11:55:33,11-20,2
67047,10,8.3,4,13,notax,seller,9,15,0,2021-01-29 11:57:38,11-20,3
67047,10,8.6,4,14,notax,seller,8,15,0,2021-01-29 11:59:32,11-20,4
67047,11,8.3,4,15,notax,seller,9,15,0,2021-01-29 12:01:34,11-20,5
67047,12,8,4,16,notax,seller,10,15,0,2021-01-29 12:03:28,11-20,6
67047,12,7.7,4,17,notax,seller,11,15,0,2021-01-29 12:05:28,11-20,7
67047,11,8,4,18,notax,seller,10,15,0,2021-01-29 12:07:35,11-20,8
67047,11,9.4,4,19,notax,seller,7,15.5,0,2021-01-29 12:09:27,11-20,9
67047,11,8.3,4,20,notax,seller,9,15,0,2021-01-29 12:11:28,11-20,10
68254,19,-2.6999999999999997,18,1,notax,seller,9,15,0,2021-01-29 11:31:13,1-10,1
68254,15,-6.3,18,2,notax,seller,11,15,0,2021-01-29 11:36:22,1-10,2
68254,20,-3.3,18,3,notax,seller,11,15,0,2021-01-29 11:38:42,1-10,3
68254,20,-3.3,18,4,notax,seller,11,15,0,2021-01-29 11:39:45,1-10,4
68254,19,-3,18,5,notax,seller,10,15,0,2021-01-29 11:42:38,1-10,5
68254,19,-3.5999999999999996,18,6,notax,seller,12,15,0,2021-01-29 11:44:14,1-10,6
68254,19,-2.6999999999999997,18,7,notax,seller,9,15,0,2021-01-29 11:45:59,1-10,7
68254,19,-3.3,18,8,notax,seller,11,15,0,2021-01-29 11:48:15,1-10,8
68254,19,-3.3,18,9,notax,seller,11,15,0,2021-01-29 11:50:01,1-10,9
68254,19,-3.9,18,10,notax,seller,13,15,0,2021-01-29 11:51:56,1-10,10
68254,18,-0.030000000000000027,18,11,tax,buyer,5,20,10,2021-01-29 11:53:55,11-20,1
68254,19,-0.040000000000000036,18,12,tax,buyer,7,20,10,2021-01-29 11:56:19,11-20,2
68254,20,-2.0500000000000003,18,13,tax,buyer,8,20,10,2021-01-29 11:57:40,11-20,3
68254,17,0.08000000000000007,18,14,tax,buyer,6,20,10,2021-01-29 12:00:32,11-20,4
68254,17,0.08000000000000007,18,15,tax,buyer,6,20,10,2021-01-29 12:02:07,11-20,5
68254,17,0.08999999999999986,18,16,tax,buyer,7,20,10,2021-01-29 12:03:50,11-20,6
68254,17,0.08999999999999986,18,17,tax,buyer,7,20,10,2021-01-29 12:05:33,11-20,7
68254,17,0.08000000000000007,18,18,tax,buyer,6,20,10,2021-01-29 12:08:11,11-20,8
68254,17,0.08000000000000007,18,19,tax,buyer,6,20,10,2021-01-29 12:09:50,11-20,9
68254,17,0.08999999999999986,18,20,tax,buyer,7,20,10,2021-01-29 12:11:50,11-20,10
69947,20,-2.6999999999999997,14,1,notax,seller,9,15,0,2021-01-29 11:31:06,1-10,1
69947,15,-2.3,14,2,notax,seller,11,15,0,2021-01-29 11:35:39,1-10,2
69947,16,-3.5999999999999996,14,3,notax,seller,12,15,0,2021-01-29 11:38:11,1-10,3
69947,9,-2.3,14,4,notax,seller,11,15,0,2021-01-29 11:40:20,1-10,4
69947,9,-2,14,5,notax,seller,10,15,0,2021-01-29 11:41:47,1-10,5
69947,17,-3.5999999999999996,14,6,notax,seller,12,15,0,2021-01-29 11:43:39,1-10,6
69947,9,-1.6999999999999997,14,7,notax,seller,9,15,0,2021-01-29 11:45:41,1-10,7
69947,9,-2.3,14,8,notax,seller,11,15,0,2021-01-29 11:47:51,1-10,8
69947,9,-2.3,14,9,notax,seller,11,15,0,2021-01-29 11:49:53,1-10,9
69947,9,-2.9,14,10,notax,seller,13,15,0,2021-01-29 11:51:33,1-10,10
69947,9,-0.030000000000000027,16,11,tax,buyer,5,20,10,2021-01-29 11:53:28,11-20,1
69947,20,-4.039999999999999,16,12,tax,buyer,7,20,10,2021-01-29 11:56:16,11-20,2
69947,21,-4.050000000000001,16,13,tax,buyer,8,20,10,2021-01-29 11:58:42,11-20,3
69947,19.5,0.08000000000000007,16,14,tax,buyer,6,20,10,2021-01-29 11:59:54,11-20,4
69947,16,0.08000000000000007,16,15,tax,buyer,6,20,10,2021-01-29 12:01:41,11-20,5
69947,8,0.08999999999999986,16,16,tax,buyer,7,20,10,2021-01-29 12:03:40,11-20,6
69947,8,0.08999999999999986,16,17,tax,buyer,7,20,10,2021-01-29 12:05:41,11-20,7
69947,8,0.08000000000000007,16,18,tax,buyer,6,20,10,2021-01-29 12:07:20,11-20,8
69947,8,0.08000000000000007,16,19,tax,buyer,6,20,10,2021-01-29 12:09:24,11-20,9
69947,8,0.08999999999999986,16,20,tax,buyer,7,20,10,2021-01-29 12:11:36,11-20,10
70543,15,1.3000000000000003,19,1,notax,buyer,9,15,0,2021-01-29 11:30:25,1-10,1
70543,12,-3.3,19,2,notax,buyer,11,15,0,2021-01-29 11:35:58,1-10,2
70543,18,0.40000000000000036,19,3,notax,buyer,12,15,0,2021-01-29 11:39:27,1-10,3
70543,18,0.7000000000000002,19,4,notax,buyer,11,15,0,2021-01-29 11:39:55,1-10,4
70543,16,1,19,5,notax,buyer,10,15,0,2021-01-29 11:41:46,1-10,5
70543,17,0.40000000000000036,19,6,notax,buyer,12,15,0,2021-01-29 11:43:23,1-10,6
70543,17,1.3000000000000003,19,7,notax,buyer,9,15,0,2021-01-29 11:45:48,1-10,7
70543,16,0.7000000000000002,19,8,notax,buyer,11,15,0,2021-01-29 11:47:35,1-10,8
70543,17,0.7000000000000002,19,9,notax,buyer,11,15,0,2021-01-29 11:49:22,1-10,9
70543,16,0.10000000000000009,19,10,notax,buyer,13,15,0,2021-01-29 11:51:27,1-10,10
70543,24,5.97,26,11,tax,buyer,5,20,10,2021-01-29 11:53:27,11-20,1
70543,20,5.96,26,12,tax,buyer,7,20,10,2021-01-29 11:56:03,11-20,2
70543,18,-0.04999999999999982,26,13,tax,buyer,8,20,10,2021-01-29 11:57:38,11-20,3
70543,22,6.08,26,14,tax,buyer,6,20,10,2021-01-29 11:59:28,11-20,4
70543,18,0.08000000000000007,26,15,tax,buyer,6,20,10,2021-01-29 12:01:26,11-20,5
70543,22,6.09,26,16,tax,buyer,7,20,10,2021-01-29 12:03:34,11-20,6
70543,20,6.09,26,17,tax,buyer,7,20,10,2021-01-29 12:05:30,11-20,7
70543,20,6.08,26,18,tax,buyer,6,20,10,2021-01-29 12:07:45,11-20,8
70543,22,6.08,26,19,tax,buyer,6,20,10,2021-01-29 12:10:23,11-20,9
70543,24,6.09,26,20,tax,buyer,7,20,10,2021-01-29 12:11:27,11-20,10
70587,12,-2.6999999999999997,13,1,notax,buyer,9,15,0,2021-01-29 11:32:53,1-10,1
70587,17,-5.3,13,2,notax,buyer,11,15,0,2021-01-29 11:35:30,1-10,2
70587,15,-5.6,13,3,notax,buyer,12,15,0,2021-01-29 11:37:51,1-10,3
70587,10,-3.3,13,4,notax,buyer,11,15,0,2021-01-29 11:39:56,1-10,4
70587,18,-5,13,5,notax,buyer,10,15,0,2021-01-29 11:41:24,1-10,5
70587,14,-3.5999999999999996,13,6,notax,buyer,12,15,0,2021-01-29 11:44:03,1-10,6
70587,16,-4.699999999999999,13,7,notax,buyer,9,15,0,2021-01-29 11:45:49,1-10,7
70587,10,-3.3,13,8,notax,buyer,11,15,0,2021-01-29 11:48:24,1-10,8
70587,17,-5.3,13,9,notax,buyer,11,15,0,2021-01-29 11:50:52,1-10,9
70587,12,-3.9,13,10,notax,buyer,13,15,0,2021-01-29 11:52:40,1-10,10
70587,20,1.97,22,11,tax,buyer,5,20,10,2021-01-29 11:54:19,11-20,1
70587,20,1.96,22,12,tax,buyer,7,20,10,2021-01-29 11:56:03,11-20,2
70587,20,1.9500000000000002,22,13,tax,buyer,8,20,10,2021-01-29 11:58:19,11-20,3
70587,20,2.08,22,14,tax,buyer,6,20,10,2021-01-29 12:00:04,11-20,4
70587,20,2.08,22,15,tax,buyer,6,20,10,2021-01-29 12:01:32,11-20,5
70587,20,2.09,22,16,tax,buyer,7,20,10,2021-01-29 12:03:41,11-20,6
70587,20,2.09,22,17,tax,buyer,7,20,10,2021-01-29 12:05:49,11-20,7
70587,20,2.08,22,18,tax,buyer,6,20,10,2021-01-29 12:07:57,11-20,8
70587,20,2.08,22,19,tax,buyer,6,20,10,2021-01-29 12:09:25,11-20,9
70587,20,2.09,22,20,tax,buyer,7,20,10,2021-01-29 12:12:05,11-20,10
71098,15,7.300000000000001,25,1,notax,buyer,9,15,0,2021-01-29 11:30:23,1-10,1
71098,16,6.7,25,2,notax,buyer,11,15,0,2021-01-29 11:36:00,1-10,2
71098,15,6.7,25,3,notax,buyer,11,15,0,2021-01-29 11:37:30,1-10,3
71098,14,-3.3,25,4,notax,buyer,11,15,0,2021-01-29 11:39:42,1-10,4
71098,15,7,25,5,notax,buyer,10,15,0,2021-01-29 11:41:25,1-10,5
71098,15,6.4,25,6,notax,buyer,12,15,0,2021-01-29 11:43:20,1-10,6
71098,15,7.300000000000001,25,7,notax,buyer,9,15,0,2021-01-29 11:45:25,1-10,7
71098,15,6.7,25,8,notax,buyer,11,15,0,2021-01-29 11:47:25,1-10,8
71098,15,6.7,25,9,notax,buyer,11,15,0,2021-01-29 11:49:28,1-10,9
71098,15,6.1,25,10,notax,buyer,13,15,0,2021-01-29 11:51:21,1-10,10
71098,15,-3,15,11,notax,buyer,10,15,0,2021-01-29 11:53:40,11-20,1
71098,0,-3,15,12,notax,buyer,10,15,0,2021-01-29 11:55:37,11-20,2
71098,12,-2.6999999999999997,15,13,notax,buyer,9,15,0,2021-01-29 11:57:44,11-20,3
71098,10,-2.4,15,14,notax,buyer,8,15,0,2021-01-29 11:59:34,11-20,4
71098,15,-2.6999999999999997,15,15,notax,buyer,9,15,0,2021-01-29 12:01:23,11-20,5
71098,0,-3,15,16,notax,buyer,10,15,0,2021-01-29 12:03:57,11-20,6
71098,15,-3.3,15,17,notax,buyer,11,15,0,2021-01-29 12:05:28,11-20,7
71098,10,-3,15,18,notax,buyer,10,15,0,2021-01-29 12:07:36,11-20,8
71098,0,-2.1,15,19,notax,buyer,7,15.5,0,2021-01-29 12:09:40,11-20,9
71098,0,-2.6999999999999997,15,20,notax,buyer,9,15,0,2021-01-29 12:11:38,11-20,10
71112,6,-2.6999999999999997,15,1,notax,buyer,9,15,0,2021-01-29 11:30:23,1-10,1
71112,4,-3.3,15,2,notax,buyer,11,15,0,2021-01-29 11:35:28,1-10,2
71112,8,-3.3,15,3,notax,buyer,11,15,0,2021-01-29 11:37:26,1-10,3
71112,15,-3.3,15,4,notax,buyer,11,15,0,2021-01-29 11:39:29,1-10,4
71112,15,-3,15,5,notax,buyer,10,15,0,2021-01-29 11:41:27,1-10,5
71112,15,-3.5999999999999996,15,6,notax,buyer,12,15,0,2021-01-29 11:43:42,1-10,6
71112,15,-2.6999999999999997,15,7,notax,buyer,9,15,0,2021-01-29 11:45:38,1-10,7
71112,15,-3.3,15,8,notax,buyer,11,15,0,2021-01-29 11:47:32,1-10,8
71112,16,-3.3,15,9,notax,buyer,11,15,0,2021-01-29 11:49:34,1-10,9
71112,15,-3.9,15,10,notax,buyer,13,15,0,2021-01-29 11:51:33,1-10,10
71112,7,0,12,11,notax,seller,10,15,0,2021-01-29 11:53:33,11-20,1
71112,14,0,12,12,notax,seller,10,15,0,2021-01-29 11:55:44,11-20,2
71112,17,-2.6999999999999997,12,13,notax,seller,9,15,0,2021-01-29 11:57:44,11-20,3
71112,12,0.6000000000000001,12,14,notax,seller,8,15,0,2021-01-29 11:59:34,11-20,4
71112,12,0.30000000000000027,12,15,notax,seller,9,15,0,2021-01-29 12:01:30,11-20,5
71112,15,0,12,16,notax,seller,10,15,0,2021-01-29 12:03:39,11-20,6
71112,15,-0.2999999999999998,12,17,notax,seller,11,15,0,2021-01-29 12:05:30,11-20,7
71112,12,0,12,18,notax,seller,10,15,0,2021-01-29 12:07:31,11-20,8
71112,15,1.4,12,19,notax,seller,7,15.5,0,2021-01-29 12:09:35,11-20,9
71112,14,0.30000000000000027,12,20,notax,seller,9,15,0,2021-01-29 12:11:28,11-20,10
71538,25,-2.6999999999999997,18,1,notax,seller,9,15,0,2021-01-29 11:31:06,1-10,1
71538,20.7,-3.3,18,2,notax,seller,11,15,0,2021-01-29 11:36:15,1-10,2
71538,15,-6.6,18,3,notax,seller,12,15,0,2021-01-29 11:38:31,1-10,3
71538,18,-3.3,18,4,notax,seller,11,15,0,2021-01-29 11:40:12,1-10,4
71538,18,-3,18,5,notax,seller,10,15,0,2021-01-29 11:41:54,1-10,5
71538,14,-6.6,18,6,notax,seller,12,15,0,2021-01-29 11:43:56,1-10,6
71538,18,-2.6999999999999997,18,7,notax,seller,9,15,0,2021-01-29 11:45:48,1-10,7
71538,20,-3.3,18,8,notax,seller,11,15,0,2021-01-29 11:47:48,1-10,8
71538,20,-3.3,18,9,notax,seller,11,15,0,2021-01-29 11:50:08,1-10,9
71538,20,-3.9,18,10,notax,seller,13,15,0,2021-01-29 11:51:49,1-10,10
71538,13,10,2,11,notax,seller,10,15,0,2021-01-29 11:54:10,11-20,1
71538,15,9.7,2,12,notax,seller,11,15,0,2021-01-29 11:56:10,11-20,2
71538,15,10.3,2,13,notax,seller,9,15,0,2021-01-29 11:57:57,11-20,3
71538,15,10.6,2,14,notax,seller,8,15,0,2021-01-29 12:00:12,11-20,4
71538,15,10.3,2,15,notax,seller,9,15,0,2021-01-29 12:02:11,11-20,5
71538,15,10,2,16,notax,seller,10,15,0,2021-01-29 12:03:38,11-20,6
71538,15,9.7,2,17,notax,seller,11,15,0,2021-01-29 12:06:31,11-20,7
71538,15,10,2,18,notax,seller,10,15,0,2021-01-29 12:08:24,11-20,8
71538,15,11.4,2,19,notax,seller,7,15.5,0,2021-01-29 12:09:52,11-20,9
71538,15,10.3,2,20,notax,seller,9,15,0,2021-01-29 12:11:41,11-20,10
73765,8,6.300000000000001,6,1,notax,seller,9,15,0,2021-01-29 11:30:53,1-10,1
73765,15,5.7,6,2,notax,seller,11,15,0,2021-01-29 11:35:27,1-10,2
73765,15,5.7,6,3,notax,seller,11,15,0,2021-01-29 11:37:25,1-10,3
73765,15,5.7,6,4,notax,seller,11,15,0,2021-01-29 11:39:32,1-10,4
73765,15,6,6,5,notax,seller,10,15,0,2021-01-29 11:41:29,1-10,5
73765,15,5.4,6,6,notax,seller,12,15,0,2021-01-29 11:43:20,1-10,6
73765,15,6.300000000000001,6,7,notax,seller,9,15,0,2021-01-29 11:45:23,1-10,7
73765,15,5.7,6,8,notax,seller,11,15,0,2021-01-29 11:47:35,1-10,8
73765,15,5.7,6,9,notax,seller,11,15,0,2021-01-29 11:49:30,1-10,9
73765,15,5.1,6,10,notax,seller,13,15,0,2021-01-29 11:51:26,1-10,10
73765,15,-0.030000000000000027,16,11,tax,buyer,5,20,10,2021-01-29 11:53:28,11-20,1
73765,16,-0.040000000000000036,16,12,tax,buyer,7,20,10,2021-01-29 11:55:45,11-20,2
73765,10,-0.04999999999999982,16,13,tax,buyer,8,20,10,2021-01-29 11:57:46,11-20,3
73765,20,-3.92,16,14,tax,buyer,6,20,10,2021-01-29 11:59:40,11-20,4
73765,10,0.08000000000000007,16,15,tax,buyer,6,20,10,2021-01-29 12:01:53,11-20,5
73765,10,0.08999999999999986,16,16,tax,buyer,7,20,10,2021-01-29 12:04:56,11-20,6
73765,5,0.08999999999999986,16,17,tax,buyer,7,20,10,2021-01-29 12:05:37,11-20,7
73765,10,0.08000000000000007,16,18,tax,buyer,6,20,10,2021-01-29 12:07:27,11-20,8
73765,10,0.08000000000000007,16,19,tax,buyer,6,20,10,2021-01-29 12:09:39,11-20,9
73765,10,0.08999999999999986,16,20,tax,buyer,7,20,10,2021-01-29 12:11:32,11-20,10
75539,20,-2.6999999999999997,14,1,notax,seller,9,15,0,2021-01-29 11:30:49,1-10,1
75539,15,-2.3,14,2,notax,seller,11,15,0,2021-01-29 11:35:57,1-10,2
75539,15,-2,14,3,notax,seller,10,15,0,2021-01-29 11:37:48,1-10,3
75539,15,-2.3,14,4,notax,seller,11,15,0,2021-01-29 11:39:30,1-10,4
75539,15,-2,14,5,notax,seller,10,15,0,2021-01-29 11:41:41,1-10,5
75539,15,-2.5999999999999996,14,6,notax,seller,12,15,0,2021-01-29 11:43:59,1-10,6
75539,16,-2.6999999999999997,14,7,notax,seller,9,15,0,2021-01-29 11:45:58,1-10,7
75539,15,-2.3,14,8,notax,seller,11,15,0,2021-01-29 11:47:51,1-10,8
75539,15,-2.3,14,9,notax,seller,11,15,0,2021-01-29 11:49:25,1-10,9
75539,15,-2.9,14,10,notax,seller,13,15,0,2021-01-29 11:51:43,1-10,10
75539,25,-3,20,11,notax,seller,10,15,0,2021-01-29 11:53:47,11-20,1
75539,15,-8,20,12,notax,seller,10,15,0,2021-01-29 11:55:52,11-20,2
75539,20,-2.6999999999999997,20,13,notax,seller,9,15,0,2021-01-29 11:57:57,11-20,3
75539,20,-2.4,20,14,notax,seller,8,15,0,2021-01-29 11:59:51,11-20,4
75539,20,-2.6999999999999997,20,15,notax,seller,9,15,0,2021-01-29 12:01:44,11-20,5
75539,20,-3,20,16,notax,seller,10,15,0,2021-01-29 12:03:39,11-20,6
75539,20,-3.3,20,17,notax,seller,11,15,0,2021-01-29 12:06:15,11-20,7
75539,15,-8,20,18,notax,seller,10,15,0,2021-01-29 12:08:03,11-20,8
75539,20,-2.1,20,19,notax,seller,7,15.5,0,2021-01-29 12:09:36,11-20,9
75539,20,-2.6999999999999997,20,20,notax,seller,9,15,0,2021-01-29 12:11:57,11-20,10
76810,17,-2.6999999999999997,16,1,notax,seller,9,15,0,2021-01-29 11:30:26,1-10,1
76810,17,-3.3,16,2,notax,seller,11,15,0,2021-01-29 11:35:45,1-10,2
76810,16,-3.5999999999999996,16,3,notax,seller,12,15,0,2021-01-29 11:37:50,1-10,3
76810,17,-3.3,16,4,notax,seller,11,15,0,2021-01-29 11:39:51,1-10,4
76810,17,-3,16,5,notax,seller,10,15,0,2021-01-29 11:41:53,1-10,5
76810,17,-3.5999999999999996,16,6,notax,seller,12,15,0,2021-01-29 11:43:42,1-10,6
76810,17,-2.6999999999999997,16,7,notax,seller,9,15,0,2021-01-29 11:45:45,1-10,7
76810,17,-3.3,16,8,notax,seller,11,15,0,2021-01-29 11:47:53,1-10,8
76810,17,-3.3,16,9,notax,seller,11,15,0,2021-01-29 11:49:59,1-10,9
76810,15,-4.9,16,10,notax,seller,13,15,0,2021-01-29 11:52:00,1-10,10
76810,13,-3,13,11,notax,buyer,10,15,0,2021-01-29 11:53:51,11-20,1
76810,15,-5,13,12,notax,buyer,10,15,0,2021-01-29 11:55:42,11-20,2
76810,13,-2.6999999999999997,13,13,notax,buyer,9,15,0,2021-01-29 11:57:36,11-20,3
76810,14,-2.4,13,14,notax,buyer,8,15,0,2021-01-29 11:59:22,11-20,4
76810,14,-2.6999999999999997,13,15,notax,buyer,9,15,0,2021-01-29 12:01:20,11-20,5
76810,14,-3,13,16,notax,buyer,10,15,0,2021-01-29 12:03:25,11-20,6
76810,14,-3.3,13,17,notax,buyer,11,15,0,2021-01-29 12:05:36,11-20,7
76810,14,-3,13,18,notax,buyer,10,15,0,2021-01-29 12:07:22,11-20,8
76810,14,-2.1,13,19,notax,buyer,7,15.5,0,2021-01-29 12:09:41,11-20,9
76810,14,-2.6999999999999997,13,20,notax,buyer,9,15,0,2021-01-29 12:12:02,11-20,10
80621,15,3.3000000000000003,21,1,notax,buyer,9,15,0,2021-01-29 11:30:26,1-10,1
80621,16,2.7,21,2,notax,buyer,11,15,0,2021-01-29 11:36:17,1-10,2
80621,16,3,21,3,notax,buyer,10,15,0,2021-01-29 11:37:53,1-10,3
80621,15,2.7,21,4,notax,buyer,11,15,0,2021-01-29 11:39:43,1-10,4
80621,16,3,21,5,notax,buyer,10,15,0,2021-01-29 11:41:57,1-10,5
80621,15,2.4000000000000004,21,6,notax,buyer,12,15,0,2021-01-29 11:44:31,1-10,6
80621,15,3.3000000000000003,21,7,notax,buyer,9,15,0,2021-01-29 11:45:22,1-10,7
80621,15,2.7,21,8,notax,buyer,11,15,0,2021-01-29 11:47:36,1-10,8
80621,15,2.7,21,9,notax,buyer,11,15,0,2021-01-29 11:49:25,1-10,9
80621,15,2.1,21,10,notax,buyer,13,15,0,2021-01-29 11:51:20,1-10,10
80621,10,-3,17,11,notax,buyer,10,15,0,2021-01-29 11:54:06,11-20,1
80621,12,-3,17,12,notax,buyer,10,15,0,2021-01-29 11:56:27,11-20,2
80621,15,-0.6999999999999997,17,13,notax,buyer,9,15,0,2021-01-29 11:57:32,11-20,3
80621,14,-2.4,17,14,notax,buyer,8,15,0,2021-01-29 11:59:38,11-20,4
80621,16,-0.6999999999999997,17,15,notax,buyer,9,15,0,2021-01-29 12:01:21,11-20,5
80621,17,-1,17,16,notax,buyer,10,15,0,2021-01-29 12:03:33,11-20,6
80621,15,-1.2999999999999998,17,17,notax,buyer,11,15,0,2021-01-29 12:05:45,11-20,7
80621,15,-1,17,18,notax,buyer,10,15,0,2021-01-29 12:07:32,11-20,8
80621,14,-2.1,17,19,notax,buyer,7,15.5,0,2021-01-29 12:09:27,11-20,9
80621,15,-0.6999999999999997,17,20,notax,buyer,9,15,0,2021-01-29 12:11:28,11-20,10
85719,35,0.18000000000000016,19,1,tax,seller,8,16.5,10,2021-01-29 11:31:10,1-10,1
85719,25,0.31000000000000005,19,2,tax,seller,7,16,10,2021-01-29 11:36:02,1-10,2
85719,24,0.1599999999999997,19,3,tax,seller,7,16,10,2021-01-29 11:38:21,1-10,3
85719,24,0.1100000000000001,19,4,tax,seller,5,16.5,10,2021-01-29 11:39:52,1-10,4
85719,35,0.1599999999999997,19,5,tax,seller,7,16.5,10,2021-01-29 11:41:52,1-10,5
85719,24,0.18000000000000016,19,6,tax,seller,8,16.5,10,2021-01-29 11:44:00,1-10,6
85719,24,0.22999999999999998,19,7,tax,seller,7,17,10,2021-01-29 11:45:56,1-10,7
85719,24,0.27,19,8,tax,seller,6,17,10,2021-01-29 11:47:32,1-10,8
85719,24,0.22999999999999998,19,9,tax,seller,4,17,10,2021-01-29 11:49:28,1-10,9
85719,25,0.22999999999999998,19,10,tax,seller,4,17.5,10,2021-01-29 11:51:45,1-10,10
85719,10,4,8,11,notax,seller,10,15,0,2021-01-29 11:54:46,11-20,1
85719,15,3.7,8,12,notax,seller,11,15,0,2021-01-29 11:56:33,11-20,2
85719,15,4.300000000000001,8,13,notax,seller,9,15,0,2021-01-29 11:58:07,11-20,3
85719,15,4.6,8,14,notax,seller,8,15,0,2021-01-29 12:00:14,11-20,4
85719,15,4.300000000000001,8,15,notax,seller,9,15,0,2021-01-29 12:01:49,11-20,5
85719,15,4,8,16,notax,seller,10,15,0,2021-01-29 12:03:24,11-20,6
85719,15,3.7,8,17,notax,seller,11,15,0,2021-01-29 12:05:33,11-20,7
85719,15,4,8,18,notax,seller,10,15,0,2021-01-29 12:07:34,11-20,8
85719,15,5.4,8,19,notax,seller,7,15.5,0,2021-01-29 12:09:53,11-20,9
85719,15,4.300000000000001,8,20,notax,seller,9,15,0,2021-01-29 12:12:09,11-20,10
90281,10,-2.6999999999999997,21,1,notax,buyer,9,15,0,2021-01-29 11:33:21,1-10,1
90281,15,2.7,21,2,notax,buyer,11,15,0,2021-01-29 11:37:10,1-10,2
90281,15,2.4000000000000004,21,3,notax,buyer,12,15,0,2021-01-29 11:39:16,1-10,3
90281,15,2.7,21,4,notax,buyer,11,15,0,2021-01-29 11:41:17,1-10,4
90281,15,3,21,5,notax,buyer,10,15,0,2021-01-29 11:43:13,1-10,5
90281,16,2.4000000000000004,21,6,notax,buyer,12,15,0,2021-01-29 11:45:05,1-10,6
90281,15,3.3000000000000003,21,7,notax,buyer,9,15,0,2021-01-29 11:47:05,1-10,7
90281,15,2.7,21,8,notax,buyer,11,15,0,2021-01-29 11:49:16,1-10,8
90281,15,2.7,21,9,notax,buyer,11,15,0,2021-01-29 11:50:51,1-10,9
90281,15,2.1,21,10,notax,buyer,13,15,0,2021-01-29 11:52:58,1-10,10
90281,15,-6,18,11,notax,seller,10,15,0,2021-01-29 11:55:00,11-20,1
90281,15,-6.3,18,12,notax,seller,11,15,0,2021-01-29 11:57:35,11-20,2
90281,15,-5.699999999999999,18,13,notax,seller,9,15,0,2021-01-29 11:59:03,11-20,3
90281,15,-5.4,18,14,notax,seller,8,15,0,2021-01-29 11:59:59,11-20,4
90281,14,-5.699999999999999,18,15,notax,seller,9,15,0,2021-01-29 12:01:50,11-20,5
90281,15,-6,18,16,notax,seller,10,15,0,2021-01-29 12:04:49,11-20,6
90281,15,-6.3,18,17,notax,seller,11,15,0,2021-01-29 12:06:08,11-20,7
90281,15,-6,18,18,notax,seller,10,15,0,2021-01-29 12:08:20,11-20,8
90281,15,-4.6,18,19,notax,seller,7,15.5,0,2021-01-29 12:10:51,11-20,9
90281,15,-5.699999999999999,18,20,notax,seller,9,15,0,2021-01-29 12:11:55,11-20,10
92104,14,3.68,3,1,tax,seller,8,16.5,10,2021-01-29 11:30:48,1-10,1
92104,15,3.31,3,2,tax,seller,7,16,10,2021-01-29 11:35:32,1-10,2
92104,16,3.1599999999999997,3,3,tax,seller,7,16,10,2021-01-29 11:37:30,1-10,3
92104,15,3.6100000000000003,3,4,tax,seller,5,16.5,10,2021-01-29 11:39:43,1-10,4
92104,15,3.6599999999999997,3,5,tax,seller,7,16.5,10,2021-01-29 11:42:03,1-10,5
92104,16,3.68,3,6,tax,seller,8,16.5,10,2021-01-29 11:43:51,1-10,6
92104,15.9,4.23,3,7,tax,seller,7,17,10,2021-01-29 11:45:54,1-10,7
92104,16,4.27,3,8,tax,seller,6,17,10,2021-01-29 11:47:44,1-10,8
92104,15,4.2299999999999995,3,9,tax,seller,4,17,10,2021-01-29 11:49:37,1-10,9
92104,15,4.7299999999999995,3,10,tax,seller,4,17.5,10,2021-01-29 11:51:52,1-10,10
92104,15,-2,14,11,notax,seller,10,15,0,2021-01-29 11:53:56,11-20,1
92104,15,-2,14,12,notax,seller,10,15,0,2021-01-29 11:55:41,11-20,2
92104,14,-1.6999999999999997,14,13,notax,seller,9,15,0,2021-01-29 11:57:32,11-20,3
92104,15,-1.4,14,14,notax,seller,8,15,0,2021-01-29 11:59:56,11-20,4
92104,15,-1.6999999999999997,14,15,notax,seller,9,15,0,2021-01-29 12:01:38,11-20,5
92104,15,-2,14,16,notax,seller,10,15,0,2021-01-29 12:03:39,11-20,6
92104,14,-2.3,14,17,notax,seller,11,15,0,2021-01-29 12:05:34,11-20,7
92104,15,-2,14,18,notax,seller,10,15,0,2021-01-29 12:07:36,11-20,8
92104,14.9,-0.6000000000000001,14,19,notax,seller,7,15.5,0,2021-01-29 12:09:31,11-20,9
92104,14.9,-1.6999999999999997,14,20,notax,seller,9,15,0,2021-01-29 12:11:31,11-20,10
92257,17,-2.6999999999999997,14,1,notax,seller,9,15,0,2021-01-29 11:30:48,1-10,1
92257,17,-3.3,14,2,notax,seller,11,15,0,2021-01-29 11:36:09,1-10,2
92257,16,-3.5999999999999996,14,3,notax,seller,12,15,0,2021-01-29 11:37:50,1-10,3
92257,15,-2.3,14,4,notax,seller,11,15,0,2021-01-29 11:39:48,1-10,4
92257,15.5,-3,14,5,notax,seller,10,15,0,2021-01-29 11:41:52,1-10,5
92257,15.5,-3.5999999999999996,14,6,notax,seller,12,15,0,2021-01-29 11:44:09,1-10,6
92257,15,-1.6999999999999997,14,7,notax,seller,9,15,0,2021-01-29 11:45:36,1-10,7
92257,15.5,-3.3,14,8,notax,seller,11,15,0,2021-01-29 11:48:00,1-10,8
92257,15,-2.3,14,9,notax,seller,11,15,0,2021-01-29 11:49:58,1-10,9
92257,15,-2.9,14,10,notax,seller,13,15,0,2021-01-29 11:51:41,1-10,10
92257,22,-0.030000000000000027,9,11,tax,seller,5,20,10,2021-01-29 11:53:35,11-20,1
92257,21,-0.040000000000000036,9,12,tax,seller,7,20,10,2021-01-29 11:55:29,11-20,2
92257,20,0.9500000000000002,9,13,tax,seller,8,20,10,2021-01-29 11:57:31,11-20,3
92257,20,1.08,9,14,tax,seller,6,20,10,2021-01-29 12:00:10,11-20,4
92257,20,1.08,9,15,tax,seller,6,20,10,2021-01-29 12:01:41,11-20,5
92257,20,1.0899999999999999,9,16,tax,seller,7,20,10,2021-01-29 12:04:18,11-20,6
92257,20,1.0899999999999999,9,17,tax,seller,7,20,10,2021-01-29 12:05:25,11-20,7
92257,20,1.08,9,18,tax,seller,6,20,10,2021-01-29 12:07:26,11-20,8
92257,20,1.08,9,19,tax,seller,6,20,10,2021-01-29 12:09:30,11-20,9
92257,20,1.0899999999999999,9,20,tax,seller,7,20,10,2021-01-29 12:11:28,11-20,10
92509,9,3.68,3,1,tax,seller,8,16.5,10,2021-01-29 11:32:06,1-10,1
92509,17,0.22999999999999998,3,2,tax,seller,7,16,10,2021-01-29 11:36:26,1-10,2
92509,16,3.1599999999999997,3,3,tax,seller,7,16,10,2021-01-29 11:38:45,1-10,3
92509,17,0.1100000000000001,3,4,tax,seller,5,16.5,10,2021-01-29 11:39:38,1-10,4
92509,14,3.6599999999999997,3,5,tax,seller,7,16.5,10,2021-01-29 11:41:44,1-10,5
92509,12,3.68,3,6,tax,seller,8,16.5,10,2021-01-29 11:44:04,1-10,6
92509,11,4.23,3,7,tax,seller,7,17,10,2021-01-29 11:45:34,1-10,7
92509,11,4.27,3,8,tax,seller,6,17,10,2021-01-29 11:47:26,1-10,8
92509,12,4.2299999999999995,3,9,tax,seller,4,17,10,2021-01-29 11:49:50,1-10,9
92509,12,4.7299999999999995,3,10,tax,seller,4,17.5,10,2021-01-29 11:51:56,1-10,10
92509,12,-0.030000000000000027,10,11,tax,buyer,5,20,10,2021-01-29 11:54:07,11-20,1
92509,12,-0.040000000000000036,10,12,tax,buyer,7,20,10,2021-01-29 11:56:10,11-20,2
92509,13.5,-0.04999999999999982,10,13,tax,buyer,8,20,10,2021-01-29 11:57:39,11-20,3
92509,10,0.08000000000000007,10,14,tax,buyer,6,20,10,2021-01-29 11:59:36,11-20,4
92509,8,0.08000000000000007,10,15,tax,buyer,6,20,10,2021-01-29 12:02:24,11-20,5
92509,15,0.08999999999999986,10,16,tax,buyer,7,20,10,2021-01-29 12:03:33,11-20,6
92509,15,0.08999999999999986,10,17,tax,buyer,7,20,10,2021-01-29 12:06:13,11-20,7
92509,15,0.08000000000000007,10,18,tax,buyer,6,20,10,2021-01-29 12:07:46,11-20,8
92509,15,0.08000000000000007,10,19,tax,buyer,6,20,10,2021-01-29 12:09:31,11-20,9
92509,15,0.08999999999999986,10,20,tax,buyer,7,20,10,2021-01-29 12:11:38,11-20,10
93037,10,-2.6999999999999997,11,1,notax,buyer,9,15,0,2021-01-29 11:30:43,1-10,1
93037,10,-3.3,11,2,notax,buyer,11,15,0,2021-01-29 11:37:25,1-10,2
93037,10,-3.3,11,3,notax,buyer,11,15,0,2021-01-29 11:38:22,1-10,3
93037,10,-3.3,11,4,notax,buyer,11,15,0,2021-01-29 11:39:45,1-10,4
93037,10,-3,11,5,notax,buyer,10,15,0,2021-01-29 11:42:00,1-10,5
93037,10,-3.5999999999999996,11,6,notax,buyer,12,15,0,2021-01-29 11:43:24,1-10,6
93037,10,-2.6999999999999997,11,7,notax,buyer,9,15,0,2021-01-29 11:45:27,1-10,7
93037,10,-3.3,11,8,notax,buyer,11,15,0,2021-01-29 11:47:21,1-10,8
93037,10,-3.3,11,9,notax,buyer,11,15,0,2021-01-29 11:49:23,1-10,9
93037,10,-3.9,11,10,notax,buyer,13,15,0,2021-01-29 11:51:32,1-10,10
93037,19,-0.030000000000000027,20,11,tax,buyer,5,20,10,2021-01-29 11:53:44,11-20,1
93037,18,-0.040000000000000036,20,12,tax,buyer,7,20,10,2021-01-29 11:56:02,11-20,2
93037,17,-0.04999999999999982,20,13,tax,buyer,8,20,10,2021-01-29 11:58:07,11-20,3
93037,18,0.08000000000000007,20,14,tax,buyer,6,20,10,2021-01-29 11:59:25,11-20,4
93037,18,0.08000000000000007,20,15,tax,buyer,6,20,10,2021-01-29 12:01:39,11-20,5
93037,18,0.08999999999999986,20,16,tax,buyer,7,20,10,2021-01-29 12:03:50,11-20,6
93037,19,0.08999999999999986,20,17,tax,buyer,7,20,10,2021-01-29 12:06:23,11-20,7
93037,19,0.08000000000000007,20,18,tax,buyer,6,20,10,2021-01-29 12:07:48,11-20,8
93037,19,0.08000000000000007,20,19,tax,buyer,6,20,10,2021-01-29 12:09:56,11-20,9
93037,19,0.08999999999999986,20,20,tax,buyer,7,20,10,2021-01-29 12:11:33,11-20,10
93480,6,4.300000000000001,8,1,notax,seller,9,15,0,2021-01-29 11:30:12,1-10,1
93480,10,3.7,8,2,notax,seller,11,15,0,2021-01-29 11:35:28,1-10,2
93480,14,4,8,3,notax,seller,10,15,0,2021-01-29 11:37:21,1-10,3
93480,15,3.7,8,4,notax,seller,11,15,0,2021-01-29 11:39:23,1-10,4
93480,18,-3,8,5,notax,seller,10,15,0,2021-01-29 11:41:26,1-10,5
93480,13.5,3.4000000000000004,8,6,notax,seller,12,15,0,2021-01-29 11:43:22,1-10,6
93480,15.5,-2.6999999999999997,8,7,notax,seller,9,15,0,2021-01-29 11:45:21,1-10,7
93480,16,-3.3,8,8,notax,seller,11,15,0,2021-01-29 11:47:26,1-10,8
93480,13,3.7,8,9,notax,seller,11,15,0,2021-01-29 11:49:21,1-10,9
93480,19,-3.9,8,10,notax,seller,13,15,0,2021-01-29 11:51:23,1-10,10
93480,16,-0.030000000000000027,14,11,tax,buyer,5,20,10,2021-01-29 11:53:19,11-20,1
93480,19,-0.040000000000000036,14,12,tax,buyer,7,20,10,2021-01-29 11:55:23,11-20,2
93480,17,-0.04999999999999982,14,13,tax,buyer,8,20,10,2021-01-29 11:57:24,11-20,3
93480,17,0.08000000000000007,14,14,tax,buyer,6,20,10,2021-01-29 11:59:21,11-20,4
93480,16,0.08000000000000007,14,15,tax,buyer,6,20,10,2021-01-29 12:01:23,11-20,5
93480,17.5,0.08999999999999986,14,16,tax,buyer,7,20,10,2021-01-29 12:03:24,11-20,6
93480,18,0.08999999999999986,14,17,tax,buyer,7,20,10,2021-01-29 12:05:27,11-20,7
93480,16,0.08000000000000007,14,18,tax,buyer,6,20,10,2021-01-29 12:07:48,11-20,8
93480,19,0.08000000000000007,14,19,tax,buyer,6,20,10,2021-01-29 12:09:27,11-20,9
93480,17,0.08999999999999986,14,20,tax,buyer,7,20,10,2021-01-29 12:11:35,11-20,10
98185,25,5.300000000000001,23,1,notax,buyer,9,15,0,2021-01-29 11:30:25,1-10,1
98185,1,-3.3,23,2,notax,buyer,11,15,0,2021-01-29 11:35:42,1-10,2
98185,2,-3,23,3,notax,buyer,10,15,0,2021-01-29 11:37:31,1-10,3
98185,5,-3.3,23,4,notax,buyer,11,15,0,2021-01-29 11:39:19,1-10,4
98185,2,-3,23,5,notax,buyer,10,15,0,2021-01-29 11:41:28,1-10,5
98185,10,-3.5999999999999996,23,6,notax,buyer,12,15,0,2021-01-29 11:43:24,1-10,6
98185,15,5.300000000000001,23,7,notax,buyer,9,15,0,2021-01-29 11:45:29,1-10,7
98185,0.5,-3.3,23,8,notax,buyer,11,15,0,2021-01-29 11:47:35,1-10,8
98185,10,-3.3,23,9,notax,buyer,11,15,0,2021-01-29 11:49:52,1-10,9
98185,0.5,-3.9,23,10,notax,buyer,13,15,0,2021-01-29 11:51:45,1-10,10
98185,10,-3,13,11,notax,buyer,10,15,0,2021-01-29 11:53:54,11-20,1
98185,5,-3,13,12,notax,buyer,10,15,0,2021-01-29 11:55:47,11-20,2
98185,18,-4.699999999999999,13,13,notax,buyer,9,15,0,2021-01-29 11:57:33,11-20,3
98185,5,-2.4,13,14,notax,buyer,8,15,0,2021-01-29 11:59:26,11-20,4
98185,1,-2.6999999999999997,13,15,notax,buyer,9,15,0,2021-01-29 12:01:41,11-20,5
98185,16,-5,13,16,notax,buyer,10,15,0,2021-01-29 12:03:21,11-20,6
98185,18,-5.3,13,17,notax,buyer,11,15,0,2021-01-29 12:05:31,11-20,7
98185,3.3,-3,13,18,notax,buyer,10,15,0,2021-01-29 12:07:41,11-20,8
98185,6,-2.1,13,19,notax,buyer,7,15.5,0,2021-01-29 12:09:35,11-20,9
98185,16,-4.699999999999999,13,20,notax,buyer,9,15,0,2021-01-29 12:11:45,11-20,10
98200,1,-2.6999999999999997,17,1,notax,buyer,9,15,0,2021-01-29 11:31:24,1-10,1
98200,10,-3.3,17,2,notax,buyer,11,15,0,2021-01-29 11:35:54,1-10,2
98200,20,-1,17,3,notax,buyer,10,15,0,2021-01-29 11:38:17,1-10,3
98200,15,-1.2999999999999998,17,4,notax,buyer,11,15,0,2021-01-29 11:40:27,1-10,4
98200,15,-1,17,5,notax,buyer,10,15,0,2021-01-29 11:41:25,1-10,5
98200,16,-1.5999999999999996,17,6,notax,buyer,12,15,0,2021-01-29 11:43:27,1-10,6
98200,17,-0.6999999999999997,17,7,notax,buyer,9,15,0,2021-01-29 11:45:45,1-10,7
98200,16,-1.2999999999999998,17,8,notax,buyer,11,15,0,2021-01-29 11:47:33,1-10,8
98200,17,-1.2999999999999998,17,9,notax,buyer,11,15,0,2021-01-29 11:49:29,1-10,9
98200,15,-1.9,17,10,notax,buyer,13,15,0,2021-01-29 11:51:36,1-10,10
98200,16,-0.030000000000000027,28,11,tax,buyer,5,20,10,2021-01-29 11:53:42,11-20,1
98200,20,7.960000000000001,28,12,tax,buyer,7,20,10,2021-01-29 11:56:05,11-20,2
98200,20,7.949999999999999,28,13,tax,buyer,8,20,10,2021-01-29 11:57:39,11-20,3
98200,20,8.08,28,14,tax,buyer,6,20,10,2021-01-29 11:59:45,11-20,4
98200,20,8.08,28,15,tax,buyer,6,20,10,2021-01-29 12:01:29,11-20,5
98200,20,8.09,28,16,tax,buyer,7,20,10,2021-01-29 12:03:25,11-20,6
98200,20,8.09,28,17,tax,buyer,7,20,10,2021-01-29 12:05:32,11-20,7
98200,20,8.08,28,18,tax,buyer,6,20,10,2021-01-29 12:07:20,11-20,8
98200,20,8.08,28,19,tax,buyer,6,20,10,2021-01-29 12:09:23,11-20,9
98200,20,8.09,28,20,tax,buyer,7,20,10,2021-01-29 12:11:30,11-20,10
98696,23,0.18000000000000016,11,1,tax,seller,8,16.5,10,2021-01-29 11:31:15,1-10,1
98696,17,0.31000000000000005,11,2,tax,seller,7,16,10,2021-01-29 11:36:15,1-10,2
98696,16,-4.84,11,3,tax,seller,7,16,10,2021-01-29 11:37:41,1-10,3
98696,17,0.1100000000000001,11,4,tax,seller,5,16.5,10,2021-01-29 11:40:21,1-10,4
98696,20,0.1599999999999997,11,5,tax,seller,7,16.5,10,2021-01-29 11:41:52,1-10,5
98696,20,0.18000000000000016,11,6,tax,seller,8,16.5,10,2021-01-29 11:43:30,1-10,6
98696,24,0.22999999999999998,11,7,tax,seller,7,17,10,2021-01-29 11:46:15,1-10,7
98696,24,0.27,11,8,tax,seller,6,17,10,2021-01-29 11:47:41,1-10,8
98696,23,0.22999999999999998,11,9,tax,seller,4,17,10,2021-01-29 11:49:46,1-10,9
98696,22.3,0.22999999999999998,11,10,tax,seller,4,17.5,10,2021-01-29 11:52:21,1-10,10
98696,28,9,27,11,notax,buyer,10,15,0,2021-01-29 11:54:11,11-20,1
98696,28,8.7,27,12,notax,buyer,11,15,0,2021-01-29 11:55:52,11-20,2
98696,28,9.3,27,13,notax,buyer,9,15,0,2021-01-29 11:58:25,11-20,3
98696,28,9.6,27,14,notax,buyer,8,15,0,2021-01-29 11:59:48,11-20,4
98696,30,9.3,27,15,notax,buyer,9,15,0,2021-01-29 12:01:38,11-20,5
98696,27,9,27,16,notax,buyer,10,15,0,2021-01-29 12:04:00,11-20,6
98696,27,8.7,27,17,notax,buyer,11,15,0,2021-01-29 12:05:51,11-20,7
98696,27,9,27,18,notax,buyer,10,15,0,2021-01-29 12:07:28,11-20,8
98696,27,9.4,27,19,notax,buyer,7,15.5,0,2021-01-29 12:09:24,11-20,9
98696,27,9.3,27,20,notax,buyer,9,15,0,2021-01-29 12:11:29,11-20,10
99237,10,0.18000000000000016,18,1,tax,buyer,8,16.5,10,2021-01-29 11:30:45,1-10,1
99237,16,2.23,18,2,tax,buyer,7,16,10,2021-01-29 11:37:25,1-10,2
99237,17,2.1599999999999997,18,3,tax,buyer,7,16,10,2021-01-29 11:37:56,1-10,3
99237,17,1.61,18,4,tax,buyer,5,16.5,10,2021-01-29 11:40:09,1-10,4
99237,18,1.6599999999999997,18,5,tax,buyer,7,16.5,10,2021-01-29 11:41:31,1-10,5
99237,17,1.6800000000000002,18,6,tax,buyer,8,16.5,10,2021-01-29 11:43:54,1-10,6
99237,17,1.23,18,7,tax,buyer,7,17,10,2021-01-29 11:45:47,1-10,7
99237,18,1.27,18,8,tax,buyer,6,17,10,2021-01-29 11:47:31,1-10,8
99237,17,1.23,18,9,tax,buyer,4,17,10,2021-01-29 11:49:35,1-10,9
99237,18,0.73,18,10,tax,buyer,4,17.5,10,2021-01-29 11:51:35,1-10,10
99237,18,1,19,11,notax,buyer,10,15,0,2021-01-29 11:54:12,11-20,1
99237,16,0.7000000000000002,19,12,notax,buyer,11,15,0,2021-01-29 11:56:00,11-20,2
99237,15,1.3000000000000003,19,13,notax,buyer,9,15,0,2021-01-29 11:57:43,11-20,3
99237,15,1.6,19,14,notax,buyer,8,15,0,2021-01-29 11:59:56,11-20,4
99237,15,1.3000000000000003,19,15,notax,buyer,9,15,0,2021-01-29 12:02:57,11-20,5
99237,15,1,19,16,notax,buyer,10,15,0,2021-01-29 12:03:26,11-20,6
99237,15,0.7000000000000002,19,17,notax,buyer,11,15,0,2021-01-29 12:06:04,11-20,7
99237,17,1,19,18,notax,buyer,10,15,0,2021-01-29 12:07:36,11-20,8
99237,17,1.4,19,19,notax,buyer,7,15.5,0,2021-01-29 12:09:26,11-20,9
99237,18,1.3000000000000003,19,20,notax,buyer,9,15,0,2021-01-29 12:11:50,11-20,10
99864,24,9.3,27,1,notax,buyer,9,15,0,2021-01-29 11:30:46,1-10,1
99864,24,8.7,27,2,notax,buyer,11,15,0,2021-01-29 11:35:54,1-10,2
99864,24,8.7,27,3,notax,buyer,11,15,0,2021-01-29 11:39:12,1-10,3
99864,23,8.7,27,4,notax,buyer,11,15,0,2021-01-29 11:39:43,1-10,4
99864,23,9,27,5,notax,buyer,10,15,0,2021-01-29 11:41:44,1-10,5
99864,23,8.4,27,6,notax,buyer,12,15,0,2021-01-29 11:43:51,1-10,6
99864,18,9.3,27,7,notax,buyer,9,15,0,2021-01-29 11:45:31,1-10,7
99864,17,8.7,27,8,notax,buyer,11,15,0,2021-01-29 11:49:11,1-10,8
99864,18,8.7,27,9,notax,buyer,11,15,0,2021-01-29 11:51:36,1-10,9
99864,18,8.1,27,10,notax,buyer,13,15,0,2021-01-29 11:51:46,1-10,10
