oneid,choice,profit,variable,round,treatment,role,numtrans,price,tax,time
1005,20,-2.1,18,1,notax,seller,7,13,0,2021-09-24 13:30:30
1005,19,-2.4,18,2,notax,seller,8,12.5,0,2021-09-24 13:35:53
1005,15,-2.4,18,3,notax,seller,8,12,0,2021-09-24 13:37:58
1005,13,-3.3,18,4,notax,seller,11,12,0,2021-09-24 13:39:45
1005,13,-3.3,18,5,notax,seller,11,12,0,2021-09-24 13:42:01
1005,19,-2.4,18,6,notax,seller,8,12,0,2021-09-24 13:44:01
1005,25,-3,18,7,notax,seller,10,12,0,2021-09-24 13:45:40
1005,19,-2.7,18,8,notax,seller,9,12,0,2021-09-24 13:47:40
1005,19,-3,18,9,notax,seller,10,12,0,2021-09-24 13:49:31
1005,19,-2.4,18,10,notax,seller,8,12,0,2021-09-24 13:51:33
1005,14,-2.5,16,11,notax,seller,5,15,0,2021-09-24 13:53:34
1005,16,-2.4,16,12,notax,seller,8,15,0,2021-09-24 13:55:38
1005,15,-3.4,16,13,notax,seller,8,15,0,2021-09-24 13:58:16
1005,19,-2.7,16,14,notax,seller,9,15,0,2021-09-24 13:59:46
1005,17,-2.4,16,15,notax,seller,8,15,0,2021-09-24 14:01:38
1005,17,-3,16,16,notax,seller,10,15,0,2021-09-24 14:03:32
1005,17,-3,16,17,notax,seller,10,15,0,2021-09-24 14:05:36
1005,17,-3,16,18,notax,seller,10,15,0,2021-09-24 14:08:03
1005,15,-3.7,16,19,notax,seller,9,15,0,2021-09-24 14:09:28
1005,30,-3.3,16,20,notax,seller,11,15,0,2021-09-24 14:11:45
9096,10,-2.1,29,1,notax,buyer,7,13,0,2021-09-24 13:30:50
9096,17,13.8,29,2,notax,buyer,9,12.5,0,2021-09-24 13:36:20
9096,16,14.6,29,3,notax,buyer,8,12,0,2021-09-24 13:38:13
9096,14,13.7,29,4,notax,buyer,11,12,0,2021-09-24 13:39:59
9096,13,13.7,29,5,notax,buyer,11,12,0,2021-09-24 13:41:59
9096,12,14.6,29,6,notax,buyer,8,12,0,2021-09-24 13:43:55
9096,12,14,29,7,notax,buyer,10,12,0,2021-09-24 13:46:03
9096,12,14.3,29,8,notax,buyer,9,12,0,2021-09-24 13:47:50
9096,12,14,29,9,notax,buyer,10,12,0,2021-09-24 13:50:21
9096,12,14.6,29,10,notax,buyer,8,12,0,2021-09-24 13:52:11
9096,15,-1.5,20,11,notax,seller,5,15,0,2021-09-24 13:54:03
9096,15,-7.4,20,12,notax,seller,8,15,0,2021-09-24 13:56:08
9096,16,-2.4,20,13,notax,seller,8,15,0,2021-09-24 13:58:11
9096,16,-2.7,20,14,notax,seller,9,15,0,2021-09-24 14:00:05
9096,16,-2.4,20,15,notax,seller,8,15,0,2021-09-24 14:01:57
9096,16,-3,20,16,notax,seller,10,15,0,2021-09-24 14:04:06
9096,15,-8,20,17,notax,seller,10,15,0,2021-09-24 14:05:35
9096,16,-3,20,18,notax,seller,10,15,0,2021-09-24 14:08:01
9096,20,-2.7,20,19,notax,seller,9,15,0,2021-09-24 14:09:44
9096,15,-8.3,20,20,notax,seller,11,15,0,2021-09-24 14:11:35
9275,19,3.9,19,1,notax,buyer,7,13,0,2021-09-24 13:33:09
9275,17,4.1,19,2,notax,buyer,8,12.5,0,2021-09-24 13:35:28
9275,12,4.6,19,3,notax,buyer,8,12,0,2021-09-24 13:37:24
9275,12,3.7,19,4,notax,buyer,11,12,0,2021-09-24 13:39:29
9275,13,3.7,19,5,notax,buyer,11,12,0,2021-09-24 13:41:25
9275,12,4.6,19,6,notax,buyer,8,12,0,2021-09-24 13:43:31
9275,13,4,19,7,notax,buyer,10,12,0,2021-09-24 13:45:31
9275,13,4.3,19,8,notax,buyer,9,12,0,2021-09-24 13:47:28
9275,13,4,19,9,notax,buyer,10,12,0,2021-09-24 13:49:47
9275,11,-2.4,19,10,notax,buyer,8,12,0,2021-09-24 13:51:29
9275,10,-1.5,27,11,notax,buyer,5,15,0,2021-09-24 13:53:38
9275,25,9.6,27,12,notax,buyer,8,15,0,2021-09-24 13:55:34
9275,17,9.6,27,13,notax,buyer,8,15,0,2021-09-24 13:57:48
9275,14,-2.7,27,14,notax,buyer,9,15,0,2021-09-24 13:59:29
9275,13,-2.4,27,15,notax,buyer,8,15,0,2021-09-24 14:01:31
9275,13,-3,27,16,notax,buyer,10,15,0,2021-09-24 14:03:29
9275,16,9,27,17,notax,buyer,10,15,0,2021-09-24 14:05:33
9275,19,9,27,18,notax,buyer,10,15,0,2021-09-24 14:07:37
9275,13,-2.7,27,19,notax,buyer,9,15,0,2021-09-24 14:10:09
9275,13,-3.3,27,20,notax,buyer,11,15,0,2021-09-24 14:11:41
9727,10,8.9,2,1,notax,seller,7,13,0,2021-09-24 13:33:17
9727,11,7.8,2,2,notax,seller,9,12.5,0,2021-09-24 13:37:43
9727,12,7.3,2,3,notax,seller,9,12,0,2021-09-24 13:38:17
9727,12,6.7,2,4,notax,seller,11,12,0,2021-09-24 13:40:36
9727,12,6.7,2,5,notax,seller,11,12,0,2021-09-24 13:42:54
10760,8,0.13,26,1,tax,buyer,4,17.5,10,2021-09-24 13:30:33
10760,17,0.13,26,2,tax,buyer,4,18,10,2021-09-24 13:36:08
10760,17,0.18,26,3,tax,buyer,4,18,10,2021-09-24 13:38:05
10760,18,8.27,26,4,tax,buyer,6,18,10,2021-09-24 13:40:01
10760,19,8.31,26,5,tax,buyer,7,18,10,2021-09-24 13:41:46
10760,20,8.29,26,6,tax,buyer,5,18,10,2021-09-24 13:43:47
10760,22,8.29,26,7,tax,buyer,5,18,10,2021-09-24 13:45:47
10760,26,8.34,26,8,tax,buyer,6,18,10,2021-09-24 13:47:39
10760,31,8.29,26,9,tax,buyer,5,18,10,2021-09-24 13:50:06
10760,26,8.4,26,10,tax,buyer,7,18,10,2021-09-24 13:51:53
10760,19,0.09,7,11,tax,seller,4,17.5,10,2021-09-24 13:54:08
10760,17,0.14,7,12,tax,seller,6,16,10,2021-09-24 13:56:08
10760,18,0.14,7,13,tax,seller,6,16.5,10,2021-09-24 13:57:48
10760,17,0.14,7,14,tax,seller,6,16,10,2021-09-24 14:00:03
10760,17,0.16,7,15,tax,seller,7,16,10,2021-09-24 14:01:32
10760,16.02,0.11,7,16,tax,seller,5,16,10,2021-09-24 14:03:41
10760,17,0.14,7,17,tax,seller,6,16,10,2021-09-24 14:06:17
10760,17.5,0.18,7,18,tax,seller,8,16,10,2021-09-24 14:07:44
10760,17.75,0.16,7,19,tax,seller,7,16,10,2021-09-24 14:09:34
10760,17,0.14,7,20,tax,seller,6,16,10,2021-09-24 14:11:40
17945,11,0.9,10,1,notax,seller,7,13,0,2021-09-24 13:30:46
17945,15,-2.7,10,2,notax,seller,9,12.5,0,2021-09-24 13:37:02
17945,12,-0.4,10,3,notax,seller,8,12,0,2021-09-24 13:38:10
17945,12,-1.3,10,4,notax,seller,11,12,0,2021-09-24 13:39:43
17945,13.5,-3.3,10,5,notax,seller,11,12,0,2021-09-24 13:42:40
17945,12,-0.4,10,6,notax,seller,8,12,0,2021-09-24 13:44:32
17945,12,-1,10,7,notax,seller,10,12,0,2021-09-24 13:46:12
17945,12,-0.7,10,8,notax,seller,9,12,0,2021-09-24 13:47:49
17945,12,-1,10,9,notax,seller,10,12,0,2021-09-24 13:50:21
17945,12,-0.4,10,10,notax,seller,8,12,0,2021-09-24 13:51:49
17945,12,0.09,24,11,tax,buyer,4,17.5,10,2021-09-24 13:54:04
17945,19,8.14,24,12,tax,buyer,6,16,10,2021-09-24 13:57:24
17945,17,7.64,24,13,tax,buyer,6,16.5,10,2021-09-24 13:59:00
17945,16,8.14,24,14,tax,buyer,6,16,10,2021-09-24 13:59:57
17945,16,8.16,24,15,tax,buyer,7,16,10,2021-09-24 14:02:01
17945,16,8.11,24,16,tax,buyer,5,16,10,2021-09-24 14:03:52
17945,16,8.14,24,17,tax,buyer,6,16,10,2021-09-24 14:05:39
17945,16,8.18,24,18,tax,buyer,8,16,10,2021-09-24 14:07:29
17945,16,8.16,24,19,tax,buyer,7,16,10,2021-09-24 14:09:27
17945,16,8.14,24,20,tax,buyer,6,16,10,2021-09-24 14:12:19
18929,6,0.13,10,1,tax,buyer,4,17.5,10,2021-09-24 13:31:20
18929,0,0.13,10,2,tax,buyer,4,18,10,2021-09-24 13:36:05
18929,15,0.13,10,3,tax,buyer,4,18,10,2021-09-24 13:39:05
18929,0,0.27,10,4,tax,buyer,6,18,10,2021-09-24 13:39:59
18929,15,0.31,10,5,tax,buyer,7,18,10,2021-09-24 13:42:03
18929,13,0.29,10,6,tax,buyer,5,18,10,2021-09-24 13:44:06
18929,15,0.29,10,7,tax,buyer,5,18,10,2021-09-24 13:47:06
18929,10,0.34,10,8,tax,buyer,6,18,10,2021-09-24 13:48:34
18929,5,0.29,10,9,tax,buyer,5,18,10,2021-09-24 13:49:55
18929,10,0.4,10,10,tax,buyer,7,18,10,2021-09-24 13:52:23
18929,1,-1.5,23,11,notax,buyer,5,15,0,2021-09-24 13:54:13
18929,15,5.6,23,12,notax,buyer,8,15,0,2021-09-24 13:55:41
18929,14,-2.4,23,13,notax,buyer,8,15,0,2021-09-24 13:58:13
18929,10,-2.7,23,14,notax,buyer,9,15,0,2021-09-24 13:59:53
18929,0,-2.4,23,15,notax,buyer,8,15,0,2021-09-24 14:01:39
18929,8,-3,23,16,notax,buyer,10,15,0,2021-09-24 14:03:37
18929,15,5,23,17,notax,buyer,10,15,0,2021-09-24 14:05:57
18929,15,5,23,18,notax,buyer,10,15,0,2021-09-24 14:07:50
18929,15,5.3,23,19,notax,buyer,9,15,0,2021-09-24 14:10:03
18929,15,4.7,23,20,notax,buyer,11,15,0,2021-09-24 14:11:46
22446,20,-0.1,15,1,notax,buyer,7,13,0,2021-09-24 13:30:22
22446,13,-0.2,15,2,notax,buyer,9,12.5,0,2021-09-24 13:35:44
22446,20,0.6,15,3,notax,buyer,8,12,0,2021-09-24 13:38:03
22446,15,-0.3,15,4,notax,buyer,11,12,0,2021-09-24 13:39:50
22446,16,-0.3,15,5,notax,buyer,11,12,0,2021-09-24 13:42:13
22446,17,0.6,15,6,notax,buyer,8,12,0,2021-09-24 13:43:33
22446,18,0,15,7,notax,buyer,10,12,0,2021-09-24 13:45:41
22446,20,0.3,15,8,notax,buyer,9,12,0,2021-09-24 13:47:48
22446,12,0,15,9,notax,buyer,10,12,0,2021-09-24 13:50:02
22446,19,0.6,15,10,notax,buyer,8,12,0,2021-09-24 13:52:06
22446,20,-1.41,16,11,tax,buyer,4,17.5,10,2021-09-24 13:53:45
22446,21,0.14,16,12,tax,buyer,6,16,10,2021-09-24 13:55:53
22446,20,-0.36,16,13,tax,buyer,6,16.5,10,2021-09-24 13:58:07
22446,0,0.14,16,14,tax,buyer,6,16,10,2021-09-24 14:00:00
22446,16,0.16,16,15,tax,buyer,7,16,10,2021-09-24 14:01:57
22446,17.88,0.11,16,16,tax,buyer,5,16,10,2021-09-24 14:03:53
22446,21,0.14,16,17,tax,buyer,6,16,10,2021-09-24 14:06:59
22446,16,0.18,16,18,tax,buyer,8,16,10,2021-09-24 14:07:50
22446,20,0.16,16,19,tax,buyer,7,16,10,2021-09-24 14:09:33
22446,1.5,0.14,16,20,tax,buyer,6,16,10,2021-09-24 14:11:41
24630,11,-2.1,15,1,notax,buyer,7,13,0,2021-09-24 13:32:49
24630,15,-0.2,15,2,notax,buyer,9,12.5,0,2021-09-24 13:36:10
24630,14,0.6,15,3,notax,buyer,8,12,0,2021-09-24 13:38:33
24630,13,-0.3,15,4,notax,buyer,11,12,0,2021-09-24 13:39:47
26249,30,9.9,25,1,notax,buyer,7,13,0,2021-09-24 13:30:41
26249,30,9.8,25,2,notax,buyer,9,12.5,0,2021-09-24 13:36:46
26249,13,10.3,25,3,notax,buyer,9,12,0,2021-09-24 13:40:08
26249,12,9.7,25,4,notax,buyer,11,12,0,2021-09-24 13:40:38
26249,14,9.7,25,5,notax,buyer,11,12,0,2021-09-24 13:42:01
26249,12,10.6,25,6,notax,buyer,8,12,0,2021-09-24 13:44:46
26249,12.5,10,25,7,notax,buyer,10,12,0,2021-09-24 13:46:11
26249,12.1,10.3,25,8,notax,buyer,9,12,0,2021-09-24 13:48:11
26249,12,10,25,9,notax,buyer,10,12,0,2021-09-24 13:49:57
26249,15,10.6,25,10,notax,buyer,8,12,0,2021-09-24 13:52:21
26249,14,1.5,12,11,notax,seller,5,15,0,2021-09-24 13:54:20
26249,15,0.6,12,12,notax,seller,8,15,0,2021-09-24 13:56:50
26249,16,-2.4,12,13,notax,seller,8,15,0,2021-09-24 13:58:33
26249,15.5,-2.7,12,14,notax,seller,9,15,0,2021-09-24 14:00:23
26249,15.5,-2.4,12,15,notax,seller,8,15,0,2021-09-24 14:02:15
26249,15,0,12,16,notax,seller,10,15,0,2021-09-24 14:03:39
26249,12,0,12,17,notax,seller,10,15,0,2021-09-24 14:05:45
26249,15,0,12,18,notax,seller,10,15,0,2021-09-24 14:07:41
26249,15.5,-2.7,12,19,notax,seller,9,15,0,2021-09-24 14:09:43
26249,15.1,-3.3,12,20,notax,seller,11,15,0,2021-09-24 14:11:47
27285,4,0.13,16,1,tax,buyer,4,17.5,10,2021-09-24 13:30:41
27285,16,0.13,16,2,tax,buyer,4,18,10,2021-09-24 13:35:44
27285,15,0.18,16,3,tax,buyer,4,18,10,2021-09-24 13:38:02
27285,18,-1.73,16,4,tax,buyer,6,18,10,2021-09-24 13:39:45
27285,15,0.31,16,5,tax,buyer,7,18,10,2021-09-24 13:41:38
27285,14,0.29,16,6,tax,buyer,5,18,10,2021-09-24 13:43:35
27285,15.9,0.29,16,7,tax,buyer,5,18,10,2021-09-24 13:45:44
27285,15.5,0.34,16,8,tax,buyer,6,18,10,2021-09-24 13:47:37
27285,14,0.29,16,9,tax,buyer,5,18,10,2021-09-24 13:49:28
27285,14.4,0.4,16,10,tax,buyer,7,18,10,2021-09-24 13:51:33
27285,20,-1.5,12,11,notax,seller,5,15,0,2021-09-24 13:53:37
27285,14.5,0.6,12,12,notax,seller,8,15,0,2021-09-24 13:55:46
27285,15,0.6,12,13,notax,seller,8,15,0,2021-09-24 13:57:39
27285,15.5,-2.7,12,14,notax,seller,9,15,0,2021-09-24 13:59:39
27285,14.8,0.6,12,15,notax,seller,8,15,0,2021-09-24 14:01:31
27285,14,0,12,16,notax,seller,10,15,0,2021-09-24 14:03:32
27285,15,0,12,17,notax,seller,10,15,0,2021-09-24 14:05:40
27285,14.5,0,12,18,notax,seller,10,15,0,2021-09-24 14:07:50
27285,14.8,0.3,12,19,notax,seller,9,15,0,2021-09-24 14:09:35
27285,14.7,-0.3,12,20,notax,seller,11,15,0,2021-09-24 14:11:30
31365,8,6.9,4,1,notax,seller,7,13,0,2021-09-24 13:30:24
31365,13,-2.7,4,2,notax,seller,9,12.5,0,2021-09-24 13:35:39
31365,14,-2.4,4,3,notax,seller,8,12,0,2021-09-24 13:37:36
31365,14,-3.3,4,4,notax,seller,11,12,0,2021-09-24 13:39:35
31365,14,-3.3,4,5,notax,seller,11,12,0,2021-09-24 13:41:40
31365,14,-2.4,4,6,notax,seller,8,12,0,2021-09-24 13:43:33
31365,14,-3,4,7,notax,seller,10,12,0,2021-09-24 13:45:29
31365,13,-2.7,4,8,notax,seller,9,12,0,2021-09-24 13:47:27
31365,11.5,5,4,9,notax,seller,10,12,0,2021-09-24 13:49:35
31365,11.9,5.6,4,10,notax,seller,8,12,0,2021-09-24 13:51:38
31365,11.5,2.59,5,11,tax,seller,4,17.5,10,2021-09-24 13:53:40
31365,13,1.17,5,12,tax,seller,5,16,10,2021-09-24 13:55:36
31365,11,1.64,5,13,tax,seller,6,16.5,10,2021-09-24 13:57:30
31365,11,1.14,5,14,tax,seller,6,16,10,2021-09-24 13:59:28
31365,18,0.16,5,15,tax,seller,7,16,10,2021-09-24 14:01:39
31365,25,0.11,5,16,tax,seller,5,16,10,2021-09-24 14:03:39
31365,15.5,1.14,5,17,tax,seller,6,16,10,2021-09-24 14:05:41
31365,15.5,1.18,5,18,tax,seller,8,16,10,2021-09-24 14:07:43
31365,15.5,1.16,5,19,tax,seller,7,16,10,2021-09-24 14:09:33
31365,15.5,1.14,5,20,tax,seller,6,16,10,2021-09-24 14:11:37
32011,16,-2.1,6,1,notax,seller,7,13,0,2021-09-24 13:31:30
32011,10,3.8,6,2,notax,seller,9,12.5,0,2021-09-24 13:35:56
32011,12,3.6,6,3,notax,seller,8,12,0,2021-09-24 13:37:53
32011,12,2.7,6,4,notax,seller,11,12,0,2021-09-24 13:40:13
32011,12,2.7,6,5,notax,seller,11,12,0,2021-09-24 13:41:54
32011,12,3.6,6,6,notax,seller,8,12,0,2021-09-24 13:43:55
32011,12,3,6,7,notax,seller,10,12,0,2021-09-24 13:45:55
32011,12,3.3,6,8,notax,seller,9,12,0,2021-09-24 13:47:48
32011,12,3,6,9,notax,seller,10,12,0,2021-09-24 13:49:47
32011,12,3.6,6,10,notax,seller,8,12,0,2021-09-24 13:51:37
32011,12,11.5,2,11,notax,seller,5,15,0,2021-09-24 13:53:57
32011,13,10.6,2,12,notax,seller,8,15,0,2021-09-24 13:55:41
32011,14,10.6,2,13,notax,seller,8,15,0,2021-09-24 13:57:39
32011,15,10.3,2,14,notax,seller,9,15,0,2021-09-24 13:59:37
32011,15,10.6,2,15,notax,seller,8,15,0,2021-09-24 14:01:56
32011,15,10,2,16,notax,seller,10,15,0,2021-09-24 14:03:36
32011,15,10,2,17,notax,seller,10,15,0,2021-09-24 14:05:30
32011,15,10,2,18,notax,seller,10,15,0,2021-09-24 14:07:48
32011,15,10.3,2,19,notax,seller,9,15,0,2021-09-24 14:09:45
32011,15,9.7,2,20,notax,seller,11,15,0,2021-09-24 14:11:38
33039,10,0.13,20,1,tax,buyer,4,17.5,10,2021-09-24 13:30:18
33039,20,2.13,20,2,tax,buyer,4,18,10,2021-09-24 13:35:32
33039,18,2.18,20,3,tax,buyer,4,18,10,2021-09-24 13:37:31
33039,18,2.27,20,4,tax,buyer,6,18,10,2021-09-24 13:39:25
33039,0,0.31,20,5,tax,buyer,7,18,10,2021-09-24 13:41:29
33039,15,0.29,20,6,tax,buyer,5,18,10,2021-09-24 13:43:31
33039,18.5,2.29,20,7,tax,buyer,5,18,10,2021-09-24 13:45:31
33039,18,2.34,20,8,tax,buyer,6,18,10,2021-09-24 13:47:34
33039,12,0.29,20,9,tax,buyer,5,18,10,2021-09-24 13:49:33
33039,13,0.4,20,10,tax,buyer,7,18,10,2021-09-24 13:51:39
33039,26,-1.5,20,11,notax,seller,5,15,0,2021-09-24 13:53:57
33039,20,-2.4,20,12,notax,seller,8,15,0,2021-09-24 13:55:40
33039,22,-2.4,20,13,notax,seller,8,15,0,2021-09-24 13:57:42
33039,16,-2.7,20,14,notax,seller,9,15,0,2021-09-24 13:59:37
33039,19,-2.4,20,15,notax,seller,8,15,0,2021-09-24 14:01:36
33039,25,-3,20,16,notax,seller,10,15,0,2021-09-24 14:03:33
33039,30,-3,20,17,notax,seller,10,15,0,2021-09-24 14:05:40
33039,15,-8,20,18,notax,seller,10,15,0,2021-09-24 14:07:44
33039,30,-2.7,20,19,notax,seller,9,15,0,2021-09-24 14:09:40
33039,30,-3.3,20,20,notax,seller,11,15,0,2021-09-24 14:11:44
34736,26,-2.1,16,1,notax,seller,7,13,0,2021-09-24 13:30:39
34736,25,-2.7,16,2,notax,seller,9,12.5,0,2021-09-24 13:35:57
34736,24,-2.4,16,3,notax,seller,8,12,0,2021-09-24 13:37:37
34736,23,-3.3,16,4,notax,seller,11,12,0,2021-09-24 13:39:31
34736,20,-3.3,16,5,notax,seller,11,12,0,2021-09-24 13:41:38
34736,18,-2.4,16,6,notax,seller,8,12,0,2021-09-24 13:43:48
34736,16,-3,16,7,notax,seller,10,12,0,2021-09-24 13:45:45
34736,16,-2.7,16,8,notax,seller,9,12,0,2021-09-24 13:47:54
34736,16,-3,16,9,notax,seller,10,12,0,2021-09-24 13:49:33
34736,12,-6.4,16,10,notax,seller,8,12,0,2021-09-24 13:51:46
34736,40,0.09,17,11,tax,seller,4,17.5,10,2021-09-24 13:54:10
34736,39,0.17,17,12,tax,seller,5,16,10,2021-09-24 13:55:44
34736,38,0.14,17,13,tax,seller,6,16.5,10,2021-09-24 13:57:35
34736,36,0.14,17,14,tax,seller,6,16,10,2021-09-24 13:59:45
34736,34,0.16,17,15,tax,seller,7,16,10,2021-09-24 14:01:34
34736,29,0.11,17,16,tax,seller,5,16,10,2021-09-24 14:03:35
34736,29,0.14,17,17,tax,seller,6,16,10,2021-09-24 14:05:33
34736,28,0.18,17,18,tax,seller,8,16,10,2021-09-24 14:07:33
34736,27,0.16,17,19,tax,seller,7,16,10,2021-09-24 14:09:34
34736,26,0.14,17,20,tax,seller,6,16,10,2021-09-24 14:11:53
35179,20,0.13,3,1,tax,seller,4,17.5,10,2021-09-24 13:30:35
35179,19,0.13,3,2,tax,seller,4,18,10,2021-09-24 13:36:25
35179,19.5,0.13,3,3,tax,seller,4,18,10,2021-09-24 13:38:15
35179,17,5.27,3,4,tax,seller,6,18,10,2021-09-24 13:39:59
35179,17.5,5.31,3,5,tax,seller,7,18,10,2021-09-24 13:42:14
35179,18.8,0.29,3,6,tax,seller,5,18,10,2021-09-24 13:44:10
35179,17.99,5.29,3,7,tax,seller,5,18,10,2021-09-24 13:45:44
35179,17.99,5.34,3,8,tax,seller,6,18,10,2021-09-24 13:48:41
35179,18,5.29,3,9,tax,seller,5,18,10,2021-09-24 13:49:58
35179,16.99,5.4,3,10,tax,seller,7,18,10,2021-09-24 13:52:15
35179,15.99,0.09,14,11,tax,buyer,4,17.5,10,2021-09-24 13:53:51
35179,14.99,0.14,14,12,tax,buyer,6,16,10,2021-09-24 13:56:54
35179,16.99,0.14,14,13,tax,buyer,6,16.5,10,2021-09-24 13:58:07
35179,18.99,-1.86,14,14,tax,buyer,6,16,10,2021-09-24 14:00:30
35179,16.99,-1.84,14,15,tax,buyer,7,16,10,2021-09-24 14:02:11
35179,15,0.11,14,16,tax,buyer,5,16,10,2021-09-24 14:04:14
35179,15.99,0.14,14,17,tax,buyer,6,16,10,2021-09-24 14:05:59
35179,16,-1.82,14,18,tax,buyer,8,16,10,2021-09-24 14:07:54
35179,15.5,0.16,14,19,tax,buyer,7,16,10,2021-09-24 14:10:59
35179,16.49,-1.86,14,20,tax,buyer,6,16,10,2021-09-24 14:12:36
37449,25,0.13,5,1,tax,seller,4,17.5,10,2021-09-24 13:30:42
37449,17,3.13,5,2,tax,seller,4,18,10,2021-09-24 13:36:06
37449,18,3.18,5,3,tax,seller,4,18,10,2021-09-24 13:38:00
37449,18,3.27,5,4,tax,seller,6,18,10,2021-09-24 13:39:48
37449,18,3.31,5,5,tax,seller,7,18,10,2021-09-24 13:41:39
37449,18,3.29,5,6,tax,seller,5,18,10,2021-09-24 13:43:43
37449,18,3.29,5,7,tax,seller,5,18,10,2021-09-24 13:45:51
37449,18,3.34,5,8,tax,seller,6,18,10,2021-09-24 13:47:43
37449,18,3.29,5,9,tax,seller,5,18,10,2021-09-24 13:49:45
37449,18,3.4,5,10,tax,seller,7,18,10,2021-09-24 13:51:36
37449,16,4.59,3,11,tax,seller,4,17.5,10,2021-09-24 13:53:57
37449,16,3.14,3,12,tax,seller,6,16,10,2021-09-24 13:56:04
37449,16,3.64,3,13,tax,seller,6,16.5,10,2021-09-24 13:57:40
37449,16,3.14,3,14,tax,seller,6,16,10,2021-09-24 13:59:56
37449,16,3.16,3,15,tax,seller,7,16,10,2021-09-24 14:01:38
37449,16,3.11,3,16,tax,seller,5,16,10,2021-09-24 14:03:41
37449,8,3.14,3,17,tax,seller,6,16,10,2021-09-24 14:05:41
37449,9,3.18,3,18,tax,seller,8,16,10,2021-09-24 14:07:58
37449,9,3.16,3,19,tax,seller,7,16,10,2021-09-24 14:10:21
37449,10,3.14,3,20,tax,seller,6,16,10,2021-09-24 14:11:45
40468,7,6.9,4,1,notax,seller,7,13,0,2021-09-24 13:31:01
40468,12,5.8,4,2,notax,seller,9,12.5,0,2021-09-24 13:36:33
40468,13,-2.4,4,3,notax,seller,8,12,0,2021-09-24 13:38:32
40468,11,4.7,4,4,notax,seller,11,12,0,2021-09-24 13:39:56
40468,12,4.7,4,5,notax,seller,11,12,0,2021-09-24 13:41:39
40468,13,-2.4,4,6,notax,seller,8,12,0,2021-09-24 13:44:25
40468,12,5,4,7,notax,seller,10,12,0,2021-09-24 13:46:39
40468,12,5.3,4,8,notax,seller,9,12,0,2021-09-24 13:48:09
40468,12,5,4,9,notax,seller,10,12,0,2021-09-24 13:50:02
40468,12,5.6,4,10,notax,seller,8,12,0,2021-09-24 13:51:45
40468,30,0.09,15,11,tax,seller,4,17.5,10,2021-09-24 13:54:17
40468,26,0.17,15,12,tax,seller,5,16,10,2021-09-24 13:56:00
40468,25,0.14,15,13,tax,seller,6,16.5,10,2021-09-24 13:57:40
40468,26,0.14,15,14,tax,seller,6,16,10,2021-09-24 14:01:11
40468,25,0.16,15,15,tax,seller,7,16,10,2021-09-24 14:02:57
40468,20,0.11,15,16,tax,seller,5,16,10,2021-09-24 14:04:35
40468,30,0.14,15,17,tax,seller,6,16,10,2021-09-24 14:06:38
40468,35,0.18,15,18,tax,seller,8,16,10,2021-09-24 14:07:50
40468,40,0.16,15,19,tax,seller,7,16,10,2021-09-24 14:09:45
40468,40,0.14,15,20,tax,seller,6,16,10,2021-09-24 14:11:46
41907,0.03,-2.1,19,1,notax,buyer,7,13,0,2021-09-24 13:31:55
41907,0.07,-2.7,19,2,notax,buyer,9,12.5,0,2021-09-24 13:39:10
44211,10,0.13,28,1,tax,buyer,4,17.5,10,2021-09-24 13:30:18
44211,19,10.13,28,2,tax,buyer,4,18,10,2021-09-24 13:35:43
44211,19,10.13,28,3,tax,buyer,4,18,10,2021-09-24 13:37:29
44211,19,10.27,28,4,tax,buyer,6,18,10,2021-09-24 13:40:08
44211,18,10.31,28,5,tax,buyer,7,18,10,2021-09-24 13:41:27
44211,18,10.29,28,6,tax,buyer,5,18,10,2021-09-24 13:43:52
44211,18,10.29,28,7,tax,buyer,5,18,10,2021-09-24 13:45:37
44211,18,10.34,28,8,tax,buyer,6,18,10,2021-09-24 13:47:56
44211,15,0.29,28,9,tax,buyer,5,18,10,2021-09-24 13:49:45
44211,18,10.4,28,10,tax,buyer,7,18,10,2021-09-24 13:51:35
44211,28,0.09,17,11,tax,seller,4,17.5,10,2021-09-24 13:53:32
44211,22,0.17,17,12,tax,seller,5,16,10,2021-09-24 13:55:46
44211,22,0.14,17,13,tax,seller,6,16.5,10,2021-09-24 13:57:41
44211,22,0.14,17,14,tax,seller,6,16,10,2021-09-24 13:59:53
44211,22,0.16,17,15,tax,seller,7,16,10,2021-09-24 14:01:40
44211,22,0.11,17,16,tax,seller,5,16,10,2021-09-24 14:03:40
44211,22,0.14,17,17,tax,seller,6,16,10,2021-09-24 14:05:39
44211,22,0.18,17,18,tax,seller,8,16,10,2021-09-24 14:07:48
44211,22,0.16,17,19,tax,seller,7,16,10,2021-09-24 14:09:24
44211,22,0.14,17,20,tax,seller,6,16,10,2021-09-24 14:11:41
45844,9,-2.1,11,1,notax,buyer,7,13,0,2021-09-24 13:30:31
45844,11,-2.4,11,2,notax,buyer,8,12.5,0,2021-09-24 13:36:26
45844,10,-2.4,11,3,notax,buyer,8,12,0,2021-09-24 13:38:04
45844,10.5,-3.3,11,4,notax,buyer,11,12,0,2021-09-24 13:40:10
45844,12,-4.3,11,5,notax,buyer,11,12,0,2021-09-24 13:41:41
45844,10,-2.4,11,6,notax,buyer,8,12,0,2021-09-24 13:43:40
45844,10.5,-3,11,7,notax,buyer,10,12,0,2021-09-24 13:45:50
45844,11,-2.7,11,8,notax,buyer,9,12,0,2021-09-24 13:47:38
45844,11.01,-3,11,9,notax,buyer,10,12,0,2021-09-24 13:49:46
45844,11,-2.4,11,10,notax,buyer,8,12,0,2021-09-24 13:51:59
45844,21,0.09,11,11,tax,seller,4,17.5,10,2021-09-24 13:53:42
45844,21,0.14,11,12,tax,seller,6,16,10,2021-09-24 13:56:10
45844,20,0.14,11,13,tax,seller,6,16.5,10,2021-09-24 13:58:08
45844,21,0.14,11,14,tax,seller,6,16,10,2021-09-24 13:59:48
45844,21,0.16,11,15,tax,seller,7,16,10,2021-09-24 14:02:12
45844,16,-4.89,11,16,tax,seller,5,16,10,2021-09-24 14:03:50
45844,21,0.14,11,17,tax,seller,6,16,10,2021-09-24 14:05:42
45844,22,0.18,11,18,tax,seller,8,16,10,2021-09-24 14:07:52
45844,23,0.16,11,19,tax,seller,7,16,10,2021-09-24 14:09:34
45844,22,0.14,11,20,tax,seller,6,16,10,2021-09-24 14:11:38
46947,17,0.63,7,1,tax,seller,4,17.5,10,2021-09-24 13:30:25
46947,20,0.13,7,2,tax,seller,4,18,10,2021-09-24 13:36:07
46947,18,1.18,7,3,tax,seller,4,18,10,2021-09-24 13:37:38
46947,19,0.27,7,4,tax,seller,6,18,10,2021-09-24 13:39:30
46947,17,1.31,7,5,tax,seller,7,18,10,2021-09-24 13:41:45
46947,18,1.29,7,6,tax,seller,5,18,10,2021-09-24 13:44:03
46947,18,1.29,7,7,tax,seller,5,18,10,2021-09-24 13:45:30
46947,18,1.34,7,8,tax,seller,6,18,10,2021-09-24 13:47:36
46947,18,1.29,7,9,tax,seller,5,18,10,2021-09-24 13:49:33
46947,19,0.4,7,10,tax,seller,7,18,10,2021-09-24 13:51:54
46947,21,0.09,11,11,tax,seller,4,17.5,10,2021-09-24 13:53:54
46947,18,0.17,11,12,tax,seller,5,16,10,2021-09-24 13:55:46
46947,17,0.14,11,13,tax,seller,6,16.5,10,2021-09-24 13:57:35
46947,16,-4.86,11,14,tax,seller,6,16,10,2021-09-24 13:59:35
46947,16,-4.84,11,15,tax,seller,7,16,10,2021-09-24 14:02:17
46947,16,-4.89,11,16,tax,seller,5,16,10,2021-09-24 14:03:31
46947,16,-4.86,11,17,tax,seller,6,16,10,2021-09-24 14:07:04
46947,16,-4.82,11,18,tax,seller,8,16,10,2021-09-24 14:07:35
46947,16,-4.84,11,19,tax,seller,7,16,10,2021-09-24 14:09:28
46947,16,-4.86,11,20,tax,seller,6,16,10,2021-09-24 14:11:29
47162,10,0.13,10,1,tax,buyer,4,17.5,10,2021-09-24 13:32:39
47162,15,0.13,10,2,tax,buyer,4,18,10,2021-09-24 13:36:39
47162,11,0.13,10,3,tax,buyer,4,18,10,2021-09-24 13:38:44
50740,7,-2.1,15,1,notax,buyer,7,13,0,2021-09-24 13:31:42
50740,10,-2.4,15,2,notax,buyer,8,12.5,0,2021-09-24 13:36:36
50740,14,0.6,15,3,notax,buyer,8,12,0,2021-09-24 13:38:28
50740,12,-0.3,15,4,notax,buyer,11,12,0,2021-09-24 13:40:16
50740,12,-0.3,15,5,notax,buyer,11,12,0,2021-09-24 13:42:28
50740,10,-2.4,15,6,notax,buyer,8,12,0,2021-09-24 13:43:52
50740,13,0,15,7,notax,buyer,10,12,0,2021-09-24 13:45:50
50740,14,0.3,15,8,notax,buyer,9,12,0,2021-09-24 13:47:45
50740,15,0,15,9,notax,buyer,10,12,0,2021-09-24 13:49:57
50740,14,0.6,15,10,notax,buyer,8,12,0,2021-09-24 13:51:46
50740,20,10.59,28,11,tax,buyer,4,17.5,10,2021-09-24 13:54:01
50740,21,12.17,28,12,tax,buyer,5,16,10,2021-09-24 13:56:26
50740,22,11.64,28,13,tax,buyer,6,16.5,10,2021-09-24 13:57:50
50740,20,12.14,28,14,tax,buyer,6,16,10,2021-09-24 13:59:29
50740,17,12.16,28,15,tax,buyer,7,16,10,2021-09-24 14:01:45
50740,17,12.11,28,16,tax,buyer,5,16,10,2021-09-24 14:03:54
50740,17,12.14,28,17,tax,buyer,6,16,10,2021-09-24 14:05:53
50740,17,12.18,28,18,tax,buyer,8,16,10,2021-09-24 14:07:50
50740,17,12.16,28,19,tax,buyer,7,16,10,2021-09-24 14:09:43
50740,17,12.14,28,20,tax,buyer,6,16,10,2021-09-24 14:11:40
51161,18,0.63,18,1,tax,buyer,4,17.5,10,2021-09-24 13:30:55
51161,18,0.13,18,2,tax,buyer,4,18,10,2021-09-24 13:36:21
51161,18,0.13,18,3,tax,buyer,4,18,10,2021-09-24 13:37:34
51161,18,0.27,18,4,tax,buyer,6,18,10,2021-09-24 13:39:55
51161,18,0.31,18,5,tax,buyer,7,18,10,2021-09-24 13:41:45
51161,18,0.29,18,6,tax,buyer,5,18,10,2021-09-24 13:44:04
51161,18,0.29,18,7,tax,buyer,5,18,10,2021-09-24 13:45:52
51161,18,0.34,18,8,tax,buyer,6,18,10,2021-09-24 13:47:51
51161,18,0.29,18,9,tax,buyer,5,18,10,2021-09-24 13:50:22
51161,18.1,0.4,18,10,tax,buyer,7,18,10,2021-09-24 13:52:03
51161,18,0.09,3,11,tax,seller,4,17.5,10,2021-09-24 13:54:06
51161,15,3.17,3,12,tax,seller,5,16,10,2021-09-24 13:56:36
51161,16,3.64,3,13,tax,seller,6,16.5,10,2021-09-24 13:57:35
51161,16,3.14,3,14,tax,seller,6,16,10,2021-09-24 14:00:23
51161,16,3.16,3,15,tax,seller,7,16,10,2021-09-24 14:02:09
51161,16,3.11,3,16,tax,seller,5,16,10,2021-09-24 14:04:07
51161,16,3.14,3,17,tax,seller,6,16,10,2021-09-24 14:05:33
51161,16,3.18,3,18,tax,seller,8,16,10,2021-09-24 14:07:38
51161,16,3.16,3,19,tax,seller,7,16,10,2021-09-24 14:09:42
51161,15.5,3.14,3,20,tax,seller,6,16,10,2021-09-24 14:11:49
51777,30,-2.1,16,1,notax,seller,7,13,0,2021-09-24 13:30:37
51777,30,-2.7,16,2,notax,seller,9,12.5,0,2021-09-24 13:36:31
51777,18,-2.4,16,3,notax,seller,8,12,0,2021-09-24 13:38:13
51777,20,-3.3,16,4,notax,seller,11,12,0,2021-09-24 13:39:55
51777,12,-7.3,16,5,notax,seller,11,12,0,2021-09-24 13:41:56
51777,19,-2.4,16,6,notax,seller,8,12,0,2021-09-24 13:44:05
51777,19,-3,16,7,notax,seller,10,12,0,2021-09-24 13:46:17
51777,16,-2.7,16,8,notax,seller,9,12,0,2021-09-24 13:48:16
51777,13,-3,16,9,notax,seller,10,12,0,2021-09-24 13:49:38
51777,12,-6.4,16,10,notax,seller,8,12,0,2021-09-24 13:51:48
51777,13,0.09,18,11,tax,buyer,4,17.5,10,2021-09-24 13:54:04
51777,16,2.14,18,12,tax,buyer,6,16,10,2021-09-24 13:56:13
51777,16,0.14,18,13,tax,buyer,6,16.5,10,2021-09-24 13:57:42
51777,15,0.14,18,14,tax,buyer,6,16,10,2021-09-24 13:59:41
51777,13,0.16,18,15,tax,buyer,7,16,10,2021-09-24 14:01:48
51777,15,0.11,18,16,tax,buyer,5,16,10,2021-09-24 14:03:44
51777,16,2.14,18,17,tax,buyer,6,16,10,2021-09-24 14:05:34
51777,16,2.18,18,18,tax,buyer,8,16,10,2021-09-24 14:08:04
51777,18,2.16,18,19,tax,buyer,7,16,10,2021-09-24 14:09:54
51777,18,2.14,18,20,tax,buyer,6,16,10,2021-09-24 14:11:32
53715,20,-2.1,18,1,notax,seller,7,13,0,2021-09-24 13:30:55
53715,22,-2.4,18,2,notax,seller,8,12.5,0,2021-09-24 13:36:10
53715,14,-2.4,18,3,notax,seller,8,12,0,2021-09-24 13:38:13
53715,18,-3.3,18,4,notax,seller,11,12,0,2021-09-24 13:39:51
53715,23,-3.3,18,5,notax,seller,11,12,0,2021-09-24 13:42:03
53715,22,-2.4,18,6,notax,seller,8,12,0,2021-09-24 13:43:52
53715,23,-3,18,7,notax,seller,10,12,0,2021-09-24 13:45:48
53715,24,-2.7,18,8,notax,seller,9,12,0,2021-09-24 13:47:34
53715,13,-3,18,9,notax,seller,10,12,0,2021-09-24 13:49:48
53715,19,-2.4,18,10,notax,seller,8,12,0,2021-09-24 13:52:02
53715,20,0.09,7,11,tax,seller,4,17.5,10,2021-09-24 13:53:53
53715,23,0.17,7,12,tax,seller,5,16,10,2021-09-24 13:55:38
53715,20,0.14,7,13,tax,seller,6,16.5,10,2021-09-24 13:57:43
53715,17,0.14,7,14,tax,seller,6,16,10,2021-09-24 13:59:50
53715,21,0.16,7,15,tax,seller,7,16,10,2021-09-24 14:01:50
53715,20,0.11,7,16,tax,seller,5,16,10,2021-09-24 14:03:33
53715,23,0.14,7,17,tax,seller,6,16,10,2021-09-24 14:05:44
53715,16,-0.82,7,18,tax,seller,8,16,10,2021-09-24 14:07:41
53715,16,-0.84,7,19,tax,seller,7,16,10,2021-09-24 14:09:39
53715,16,-0.86,7,20,tax,seller,6,16,10,2021-09-24 14:11:34
53784,30,0.13,13,1,tax,seller,4,17.5,10,2021-09-24 13:31:59
53784,30,0.13,13,2,tax,seller,4,18,10,2021-09-24 13:36:34
53784,26,0.18,13,3,tax,seller,4,18,10,2021-09-24 13:38:03
53784,18,-4.73,13,4,tax,seller,6,18,10,2021-09-24 13:39:40
53784,18,-4.69,13,5,tax,seller,7,18,10,2021-09-24 13:41:50
53784,28,0.29,13,6,tax,seller,5,18,10,2021-09-24 13:44:22
53784,27,0.29,13,7,tax,seller,5,18,10,2021-09-24 13:45:44
53784,30,0.34,13,8,tax,seller,6,18,10,2021-09-24 13:47:46
53784,28,0.29,13,9,tax,seller,5,18,10,2021-09-24 13:50:14
53784,18,-4.6,13,10,tax,seller,7,18,10,2021-09-24 13:51:46
53784,40,0.09,19,11,tax,seller,4,17.5,10,2021-09-24 13:54:10
53784,40,0.14,19,12,tax,seller,6,16,10,2021-09-24 13:55:39
53784,40,0.14,19,13,tax,seller,6,16.5,10,2021-09-24 13:57:57
53784,40,0.14,19,14,tax,seller,6,16,10,2021-09-24 13:59:42
53784,36,0.16,19,15,tax,seller,7,16,10,2021-09-24 14:02:10
53784,32,0.11,19,16,tax,seller,5,16,10,2021-09-24 14:03:52
53784,26,0.14,19,17,tax,seller,6,16,10,2021-09-24 14:05:57
53784,26,0.18,19,18,tax,seller,8,16,10,2021-09-24 14:07:30
53784,38,0.16,19,19,tax,seller,7,16,10,2021-09-24 14:09:34
53784,24,0.14,19,20,tax,seller,6,16,10,2021-09-24 14:11:24
55393,22,0.13,9,1,tax,seller,4,17.5,10,2021-09-24 13:30:33
55393,20,0.13,9,2,tax,seller,4,18,10,2021-09-24 13:35:40
55393,19,0.13,9,3,tax,seller,4,18,10,2021-09-24 13:38:15
55393,19,0.27,9,4,tax,seller,6,18,10,2021-09-24 13:40:06
55393,19,0.31,9,5,tax,seller,7,18,10,2021-09-24 13:41:56
55393,19,0.29,9,6,tax,seller,5,18,10,2021-09-24 13:44:11
55393,19,0.29,9,7,tax,seller,5,18,10,2021-09-24 13:46:36
55393,19,0.34,9,8,tax,seller,6,18,10,2021-09-24 13:47:23
55393,19,0.29,9,9,tax,seller,5,18,10,2021-09-24 13:50:07
55393,19,0.4,9,10,tax,seller,7,18,10,2021-09-24 13:51:44
55393,19,0.59,18,11,tax,buyer,4,17.5,10,2021-09-24 13:53:39
55393,19,2.14,18,12,tax,buyer,6,16,10,2021-09-24 13:55:53
55393,18,1.64,18,13,tax,buyer,6,16.5,10,2021-09-24 13:58:15
55393,17,2.14,18,14,tax,buyer,6,16,10,2021-09-24 14:00:17
55393,16,2.16,18,15,tax,buyer,7,16,10,2021-09-24 14:02:03
55393,16,2.11,18,16,tax,buyer,5,16,10,2021-09-24 14:03:43
55393,16,2.14,18,17,tax,buyer,6,16,10,2021-09-24 14:05:28
55393,16,2.18,18,18,tax,buyer,8,16,10,2021-09-24 14:08:05
55393,16,2.16,18,19,tax,buyer,7,16,10,2021-09-24 14:09:43
55393,16,2.14,18,20,tax,buyer,6,16,10,2021-09-24 14:11:32
55511,16,-2.1,12,1,notax,seller,7,13,0,2021-09-24 13:30:59
55511,13,-2.7,12,2,notax,seller,9,12.5,0,2021-09-24 13:36:23
55511,13,-2.4,12,3,notax,seller,8,12,0,2021-09-24 13:38:06
55511,12,-3.3,12,4,notax,seller,11,12,0,2021-09-24 13:40:10
55511,13,-3.3,12,5,notax,seller,11,12,0,2021-09-24 13:41:42
55511,12,-2.4,12,6,notax,seller,8,12,0,2021-09-24 13:44:00
55511,12,-3,12,7,notax,seller,10,12,0,2021-09-24 13:46:12
55511,12,-2.7,12,8,notax,seller,9,12,0,2021-09-24 13:48:51
55511,12,-3,12,9,notax,seller,10,12,0,2021-09-24 13:49:26
55511,12,-2.4,12,10,notax,seller,8,12,0,2021-09-24 13:51:48
55511,14,-1.41,9,11,tax,seller,4,17.5,10,2021-09-24 13:53:43
55511,16,-2.86,9,12,tax,seller,6,16,10,2021-09-24 13:56:31
55511,20,0.14,9,13,tax,seller,6,16.5,10,2021-09-24 13:57:55
55511,20,0.14,9,14,tax,seller,6,16,10,2021-09-24 13:59:35
55511,20,0.16,9,15,tax,seller,7,16,10,2021-09-24 14:01:26
55511,20,0.11,9,16,tax,seller,5,16,10,2021-09-24 14:04:03
55511,19,0.14,9,17,tax,seller,6,16,10,2021-09-24 14:05:38
55511,19,0.18,9,18,tax,seller,8,16,10,2021-09-24 14:07:33
55511,19,0.16,9,19,tax,seller,7,16,10,2021-09-24 14:09:43
55511,20,0.14,9,20,tax,seller,6,16,10,2021-09-24 14:11:29
56259,17,-3.37,11,1,tax,seller,4,17.5,10,2021-09-24 13:31:09
56259,18,-2.87,11,2,tax,seller,4,18,10,2021-09-24 13:36:37
56259,19,0.13,11,3,tax,seller,4,18,10,2021-09-24 13:37:49
56259,19,0.27,11,4,tax,seller,6,18,10,2021-09-24 13:40:28
56259,19,0.31,11,5,tax,seller,7,18,10,2021-09-24 13:41:55
56259,19,0.29,11,6,tax,seller,5,18,10,2021-09-24 13:43:53
56259,20,0.29,11,7,tax,seller,5,18,10,2021-09-24 13:45:52
56259,20,0.34,11,8,tax,seller,6,18,10,2021-09-24 13:47:39
56259,20,0.29,11,9,tax,seller,5,18,10,2021-09-24 13:49:55
56259,20,0.4,11,10,tax,seller,7,18,10,2021-09-24 13:51:37
56259,20,-1.5,10,11,notax,seller,5,15,0,2021-09-24 13:53:32
56259,22,-2.4,10,12,notax,seller,8,15,0,2021-09-24 13:55:48
56259,17,-2.4,10,13,notax,seller,8,15,0,2021-09-24 13:57:46
56259,14,2.3,10,14,notax,seller,9,15,0,2021-09-24 14:00:06
56259,14,2.6,10,15,notax,seller,8,15,0,2021-09-24 14:01:38
56259,14,2,10,16,notax,seller,10,15,0,2021-09-24 14:04:00
56259,14,2,10,17,notax,seller,10,15,0,2021-09-24 14:05:55
56259,14,2,10,18,notax,seller,10,15,0,2021-09-24 14:07:29
56259,14,2.3,10,19,notax,seller,9,15,0,2021-09-24 14:09:46
56259,14,1.7,10,20,notax,seller,11,15,0,2021-09-24 14:11:28
56298,10,-2.1,15,1,notax,buyer,7,13,0,2021-09-24 13:30:59
56298,11,-2.7,15,2,notax,buyer,9,12.5,0,2021-09-24 13:36:08
56298,10,-2.4,15,3,notax,buyer,8,12,0,2021-09-24 13:38:18
56298,13,-0.3,15,4,notax,buyer,11,12,0,2021-09-24 13:40:10
56298,14,-0.3,15,5,notax,buyer,11,12,0,2021-09-24 13:41:35
56298,16,0.6,15,6,notax,buyer,8,12,0,2021-09-24 13:43:33
56298,17,0,15,7,notax,buyer,10,12,0,2021-09-24 13:45:40
56298,16,0.3,15,8,notax,buyer,9,12,0,2021-09-24 13:48:01
56298,16,0,15,9,notax,buyer,10,12,0,2021-09-24 13:49:35
56298,17,0.6,15,10,notax,buyer,8,12,0,2021-09-24 13:51:50
56298,17,-1.5,15,11,notax,buyer,5,15,0,2021-09-24 13:53:42
56298,19,-2.4,15,12,notax,buyer,8,15,0,2021-09-24 13:56:00
56298,16,-2.4,15,13,notax,buyer,8,15,0,2021-09-24 13:57:57
56298,18,-2.7,15,14,notax,buyer,9,15,0,2021-09-24 13:59:36
56298,14,-2.4,15,15,notax,buyer,8,15,0,2021-09-24 14:01:52
56298,16,-3,15,16,notax,buyer,10,15,0,2021-09-24 14:04:22
56298,10,-3,15,17,notax,buyer,10,15,0,2021-09-24 14:06:14
56298,12,-3,15,18,notax,buyer,10,15,0,2021-09-24 14:07:48
56298,16,-2.7,15,19,notax,buyer,9,15,0,2021-09-24 14:10:21
56298,18,-3.3,15,20,notax,buyer,11,15,0,2021-09-24 14:11:45
56920,8,8.9,2,1,notax,seller,7,13,0,2021-09-24 13:32:06
56920,10,8.1,2,2,notax,seller,8,12.5,0,2021-09-24 13:36:06
56920,11,7.6,2,3,notax,seller,8,12,0,2021-09-24 13:37:37
56920,9,6.7,2,4,notax,seller,11,12,0,2021-09-24 13:39:28
56920,10,6.7,2,5,notax,seller,11,12,0,2021-09-24 13:42:07
56920,8,7.6,2,6,notax,seller,8,12,0,2021-09-24 13:43:51
56920,11,7,2,7,notax,seller,10,12,0,2021-09-24 13:45:41
56920,10.75,7.3,2,8,notax,seller,9,12,0,2021-09-24 13:47:38
56920,9,7,2,9,notax,seller,10,12,0,2021-09-24 13:49:41
56920,12,7.6,2,10,notax,seller,8,12,0,2021-09-24 13:51:49
56920,20,-1.5,14,11,notax,seller,5,15,0,2021-09-24 13:53:46
56920,14,-1.4,14,12,notax,seller,8,15,0,2021-09-24 13:55:30
56920,17,-2.4,14,13,notax,seller,8,15,0,2021-09-24 13:57:38
56920,16,-2.7,14,14,notax,seller,9,15,0,2021-09-24 13:59:39
56920,15,-1.4,14,15,notax,seller,8,15,0,2021-09-24 14:01:36
56920,15,-2,14,16,notax,seller,10,15,0,2021-09-24 14:03:37
56920,15,-2,14,17,notax,seller,10,15,0,2021-09-24 14:05:28
56920,15,-2,14,18,notax,seller,10,15,0,2021-09-24 14:07:40
56920,15,-1.7,14,19,notax,seller,9,15,0,2021-09-24 14:09:27
56920,15,-2.3,14,20,notax,seller,11,15,0,2021-09-24 14:11:36
61101,20,-2.1,2,1,notax,seller,7,13,0,2021-09-24 13:30:38
61101,11,7.8,2,2,notax,seller,9,12.5,0,2021-09-24 13:35:43
61101,12,7.6,2,3,notax,seller,8,12,0,2021-09-24 13:37:37
61101,12,6.7,2,4,notax,seller,11,12,0,2021-09-24 13:39:34
61101,12,6.7,2,5,notax,seller,11,12,0,2021-09-24 13:41:53
61101,12,7.6,2,6,notax,seller,8,12,0,2021-09-24 13:43:26
61101,12,7,2,7,notax,seller,10,12,0,2021-09-24 13:45:27
61101,12,7.3,2,8,notax,seller,9,12,0,2021-09-24 13:47:41
61101,12,7,2,9,notax,seller,10,12,0,2021-09-24 13:49:38
61101,12,7.6,2,10,notax,seller,8,12,0,2021-09-24 13:51:45
61101,12,-1.5,19,11,notax,buyer,5,15,0,2021-09-24 13:53:29
61101,12,-2.4,19,12,notax,buyer,8,15,0,2021-09-24 13:55:41
61101,19,1.6,19,13,notax,buyer,8,15,0,2021-09-24 13:58:08
61101,19,1.3,19,14,notax,buyer,9,15,0,2021-09-24 13:59:58
61101,15,1.6,19,15,notax,buyer,8,15,0,2021-09-24 14:01:37
61101,19,1,19,16,notax,buyer,10,15,0,2021-09-24 14:03:45
61101,19,1,19,17,notax,buyer,10,15,0,2021-09-24 14:05:41
61101,15,1,19,18,notax,buyer,10,15,0,2021-09-24 14:07:29
61101,15,1.3,19,19,notax,buyer,9,15,0,2021-09-24 14:09:34
61101,15,0.7,19,20,notax,buyer,11,15,0,2021-09-24 14:11:32
62532,5,0.13,16,1,tax,buyer,4,17.5,10,2021-09-24 13:30:44
62532,15,0.13,16,2,tax,buyer,4,18,10,2021-09-24 13:36:27
62532,15,0.13,16,3,tax,buyer,4,18,10,2021-09-24 13:37:42
62532,15,0.27,16,4,tax,buyer,6,18,10,2021-09-24 13:39:47
62532,18,-1.69,16,5,tax,buyer,7,18,10,2021-09-24 13:41:45
62532,13,0.29,16,6,tax,buyer,5,18,10,2021-09-24 13:43:55
62532,15,0.29,16,7,tax,buyer,5,18,10,2021-09-24 13:45:55
62532,15,0.34,16,8,tax,buyer,6,18,10,2021-09-24 13:48:01
62532,13,0.29,16,9,tax,buyer,5,18,10,2021-09-24 13:49:45
62532,16,0.4,16,10,tax,buyer,7,18,10,2021-09-24 13:51:50
62532,20,-1.5,4,11,notax,seller,5,15,0,2021-09-24 13:54:18
62532,14,8.6,4,12,notax,seller,8,15,0,2021-09-24 13:56:20
62532,15,8.6,4,13,notax,seller,8,15,0,2021-09-24 13:57:51
62532,15,8.3,4,14,notax,seller,9,15,0,2021-09-24 13:59:59
62532,16,-2.4,4,15,notax,seller,8,15,0,2021-09-24 14:02:19
62532,13,8,4,16,notax,seller,10,15,0,2021-09-24 14:04:13
62532,15,8,4,17,notax,seller,10,15,0,2021-09-24 14:05:38
62532,21,-3,4,18,notax,seller,10,15,0,2021-09-24 14:07:54
62532,14,8.3,4,19,notax,seller,9,15,0,2021-09-24 14:09:38
62532,15,7.7,4,20,notax,seller,11,15,0,2021-09-24 14:11:49
63609,20,4.63,22,1,tax,buyer,4,17.5,10,2021-09-24 13:31:34
63609,18,4.13,22,2,tax,buyer,4,18,10,2021-09-24 13:36:11
63609,18,4.13,22,3,tax,buyer,4,18,10,2021-09-24 13:38:05
63609,18,4.27,22,4,tax,buyer,6,18,10,2021-09-24 13:40:06
63609,18,4.31,22,5,tax,buyer,7,18,10,2021-09-24 13:42:08
63609,18,4.29,22,6,tax,buyer,5,18,10,2021-09-24 13:43:52
63609,18,4.29,22,7,tax,buyer,5,18,10,2021-09-24 13:45:46
63609,18,4.34,22,8,tax,buyer,6,18,10,2021-09-24 13:47:37
63609,18,4.29,22,9,tax,buyer,5,18,10,2021-09-24 13:49:22
63609,18,4.4,22,10,tax,buyer,7,18,10,2021-09-24 13:51:39
63609,8,0.09,10,11,tax,buyer,4,17.5,10,2021-09-24 13:53:54
63609,10,0.14,10,12,tax,buyer,6,16,10,2021-09-24 13:55:58
63609,11,0.14,10,13,tax,buyer,6,16.5,10,2021-09-24 13:58:08
63609,10.14,0.14,10,14,tax,buyer,6,16,10,2021-09-24 13:59:43
63609,10.14,0.16,10,15,tax,buyer,7,16,10,2021-09-24 14:01:58
63609,10.16,0.11,10,16,tax,buyer,5,16,10,2021-09-24 14:03:41
63609,15,0.14,10,17,tax,buyer,6,16,10,2021-09-24 14:05:36
63609,1,0.18,10,18,tax,buyer,8,16,10,2021-09-24 14:07:42
63609,1,0.16,10,19,tax,buyer,7,16,10,2021-09-24 14:09:31
63609,1,0.14,10,20,tax,buyer,6,16,10,2021-09-24 14:11:38
64828,18,-2.1,16,1,notax,seller,7,13,0,2021-09-24 13:31:33
64828,12,-6.2,16,2,notax,seller,9,12.5,0,2021-09-24 13:36:03
64828,16,-2.4,16,3,notax,seller,8,12,0,2021-09-24 13:38:07
64828,16,-3.3,16,4,notax,seller,11,12,0,2021-09-24 13:39:57
64828,12,-7.3,16,5,notax,seller,11,12,0,2021-09-24 13:41:58
64828,18,-2.4,16,6,notax,seller,8,12,0,2021-09-24 13:43:53
64828,20,-3,16,7,notax,seller,10,12,0,2021-09-24 13:46:01
64828,18,-2.7,16,8,notax,seller,9,12,0,2021-09-24 13:48:26
64828,18,-3,16,9,notax,seller,10,12,0,2021-09-24 13:50:02
64828,16,-2.4,16,10,notax,seller,8,12,0,2021-09-24 13:51:59
64828,8,7.5,6,11,notax,seller,5,15,0,2021-09-24 13:53:45
64828,14,6.6,6,12,notax,seller,8,15,0,2021-09-24 13:56:03
64828,15,6.6,6,13,notax,seller,8,15,0,2021-09-24 13:57:35
64828,15,6.3,6,14,notax,seller,9,15,0,2021-09-24 13:59:40
64828,15,6.6,6,15,notax,seller,8,15,0,2021-09-24 14:02:09
64828,16,-3,6,16,notax,seller,10,15,0,2021-09-24 14:03:58
64828,16,-3,6,17,notax,seller,10,15,0,2021-09-24 14:05:41
64828,15,6,6,18,notax,seller,10,15,0,2021-09-24 14:08:01
64828,15,6.3,6,19,notax,seller,9,15,0,2021-09-24 14:09:27
64828,15,5.7,6,20,notax,seller,11,15,0,2021-09-24 14:11:25
65423,9,-3.1,14,1,notax,seller,7,13,0,2021-09-24 13:32:31
65423,13,-2.7,14,2,notax,seller,9,12.5,0,2021-09-24 13:35:39
65423,12,-4.4,14,3,notax,seller,8,12,0,2021-09-24 13:37:32
65423,11.5,-5.3,14,4,notax,seller,11,12,0,2021-09-24 13:39:31
65423,20,-3.3,14,5,notax,seller,11,12,0,2021-09-24 13:42:02
65423,12,-4.4,14,6,notax,seller,8,12,0,2021-09-24 13:43:33
65423,15,-3,14,7,notax,seller,10,12,0,2021-09-24 13:45:51
65423,12,-4.7,14,8,notax,seller,9,12,0,2021-09-24 13:47:48
65423,10,-5,14,9,notax,seller,10,12,0,2021-09-24 13:49:36
65423,11.2,-4.4,14,10,notax,seller,8,12,0,2021-09-24 13:51:41
65423,10,0.09,22,11,tax,buyer,4,17.5,10,2021-09-24 13:53:34
65423,12.69,0.17,22,12,tax,buyer,5,16,10,2021-09-24 13:56:15
65423,14.2,0.14,22,13,tax,buyer,6,16.5,10,2021-09-24 13:57:44
65423,2,0.14,22,14,tax,buyer,6,16,10,2021-09-24 13:59:59
65423,11.69,0.16,22,15,tax,buyer,7,16,10,2021-09-24 14:01:52
65423,14,0.11,22,16,tax,buyer,5,16,10,2021-09-24 14:03:29
65423,12,0.14,22,17,tax,buyer,6,16,10,2021-09-24 14:05:36
65423,10,0.18,22,18,tax,buyer,8,16,10,2021-09-24 14:07:39
65423,2,0.16,22,19,tax,buyer,7,16,10,2021-09-24 14:09:30
65423,2,0.14,22,20,tax,buyer,6,16,10,2021-09-24 14:11:37
66430,19,3.9,19,1,notax,buyer,7,13,0,2021-09-24 13:30:26
66430,19,3.8,19,2,notax,buyer,9,12.5,0,2021-09-24 13:35:34
66430,19,4.6,19,3,notax,buyer,8,12,0,2021-09-24 13:37:40
66430,19,3.7,19,4,notax,buyer,11,12,0,2021-09-24 13:39:31
66430,19,3.7,19,5,notax,buyer,11,12,0,2021-09-24 13:41:35
66430,19,4.6,19,6,notax,buyer,8,12,0,2021-09-24 13:43:33
66430,19,4,19,7,notax,buyer,10,12,0,2021-09-24 13:45:37
66430,19,4.3,19,8,notax,buyer,9,12,0,2021-09-24 13:47:27
66430,19,4,19,9,notax,buyer,10,12,0,2021-09-24 13:49:29
66430,19,4.6,19,10,notax,buyer,8,12,0,2021-09-24 13:51:40
66430,11,-1.5,11,11,notax,buyer,5,15,0,2021-09-24 13:53:37
66430,11,-2.4,11,12,notax,buyer,8,15,0,2021-09-24 13:55:29
66430,11,-2.4,11,13,notax,buyer,8,15,0,2021-09-24 13:57:53
66430,11,-2.7,11,14,notax,buyer,9,15,0,2021-09-24 13:59:37
66430,11,-2.4,11,15,notax,buyer,8,15,0,2021-09-24 14:01:30
66430,11,-3,11,16,notax,buyer,10,15,0,2021-09-24 14:03:30
66430,11,-3,11,17,notax,buyer,10,15,0,2021-09-24 14:05:34
66430,11,-3,11,18,notax,buyer,10,15,0,2021-09-24 14:07:33
66430,11,-2.7,11,19,notax,buyer,9,15,0,2021-09-24 14:09:25
66430,11,-3.3,11,20,notax,buyer,11,15,0,2021-09-24 14:11:41
66488,22,0.13,9,1,tax,seller,4,17.5,10,2021-09-24 13:32:15
66488,22,0.13,9,2,tax,seller,4,18,10,2021-09-24 13:35:58
66488,24,0.18,9,3,tax,seller,4,18,10,2021-09-24 13:37:47
66488,19.5,0.27,9,4,tax,seller,6,18,10,2021-09-24 13:39:49
66488,19.3,0.31,9,5,tax,seller,7,18,10,2021-09-24 13:41:45
66488,17.9,-0.71,9,6,tax,seller,5,18,10,2021-09-24 13:43:53
66488,19,0.29,9,7,tax,seller,5,18,10,2021-09-24 13:46:26
66488,18.71,0.34,9,8,tax,seller,6,18,10,2021-09-24 13:47:56
66488,18.37,0.29,9,9,tax,seller,5,18,10,2021-09-24 13:50:03
66488,18,-0.6,9,10,tax,seller,7,18,10,2021-09-24 13:52:01
66488,20,0.09,15,11,tax,seller,4,17.5,10,2021-09-24 13:53:55
66488,20,0.14,15,12,tax,seller,6,16,10,2021-09-24 13:55:30
66488,20,0.14,15,13,tax,seller,6,16.5,10,2021-09-24 13:57:52
66488,20,0.14,15,14,tax,seller,6,16,10,2021-09-24 13:59:37
66488,20,0.16,15,15,tax,seller,7,16,10,2021-09-24 14:01:37
66488,20,0.11,15,16,tax,seller,5,16,10,2021-09-24 14:03:47
66488,20,0.14,15,17,tax,seller,6,16,10,2021-09-24 14:05:30
66488,20,0.18,15,18,tax,seller,8,16,10,2021-09-24 14:07:32
66488,20,0.16,15,19,tax,seller,7,16,10,2021-09-24 14:09:28
66488,20,0.14,15,20,tax,seller,6,16,10,2021-09-24 14:11:55
66780,10,0.13,16,1,tax,buyer,4,17.5,10,2021-09-24 13:30:23
66780,15,0.13,16,2,tax,buyer,4,18,10,2021-09-24 13:35:41
66780,16,0.18,16,3,tax,buyer,4,18,10,2021-09-24 13:37:41
66780,16,0.27,16,4,tax,buyer,6,18,10,2021-09-24 13:39:40
66780,18,-1.69,16,5,tax,buyer,7,18,10,2021-09-24 13:41:42
66780,18.5,-1.71,16,6,tax,buyer,5,18,10,2021-09-24 13:43:53
66780,18.5,-1.71,16,7,tax,buyer,5,18,10,2021-09-24 13:45:54
66780,18.5,-1.66,16,8,tax,buyer,6,18,10,2021-09-24 13:47:50
66780,18,-1.71,16,9,tax,buyer,5,18,10,2021-09-24 13:49:37
66780,18.4,-1.6,16,10,tax,buyer,7,18,10,2021-09-24 13:51:50
66780,24,8.5,25,11,notax,buyer,5,15,0,2021-09-24 13:53:45
66780,20,7.6,25,12,notax,buyer,8,15,0,2021-09-24 13:56:02
66780,22,7.6,25,13,notax,buyer,8,15,0,2021-09-24 13:57:37
66780,20,7.3,25,14,notax,buyer,9,15,0,2021-09-24 13:59:50
66780,18,7.6,25,15,notax,buyer,8,15,0,2021-09-24 14:01:54
66780,17,7,25,16,notax,buyer,10,15,0,2021-09-24 14:03:38
66780,18,7,25,17,notax,buyer,10,15,0,2021-09-24 14:05:50
66780,17,7,25,18,notax,buyer,10,15,0,2021-09-24 14:07:52
66780,17,7.3,25,19,notax,buyer,9,15,0,2021-09-24 14:09:42
66780,18,6.7,25,20,notax,buyer,11,15,0,2021-09-24 14:11:42
68096,16,0.13,16,1,tax,buyer,4,17.5,10,2021-09-24 13:32:22
68096,6,0.13,16,2,tax,buyer,4,18,10,2021-09-24 13:37:03
68096,6,0.13,16,3,tax,buyer,4,18,10,2021-09-24 13:39:03
68096,6,0.27,16,4,tax,buyer,6,18,10,2021-09-24 13:39:53
68096,8,0.31,16,5,tax,buyer,7,18,10,2021-09-24 13:41:48
68096,18,-1.71,16,6,tax,buyer,5,18,10,2021-09-24 13:44:51
68096,8,0.29,16,7,tax,buyer,5,18,10,2021-09-24 13:45:48
68096,18,-1.66,16,8,tax,buyer,6,18,10,2021-09-24 13:48:07
68096,6,0.29,16,9,tax,buyer,5,18,10,2021-09-24 13:50:54
68096,4,0.4,16,10,tax,buyer,7,18,10,2021-09-24 13:52:16
68096,4,-1.5,29,11,notax,buyer,5,15,0,2021-09-24 13:53:42
68096,16,11.6,29,12,notax,buyer,8,15,0,2021-09-24 13:56:48
68096,15,11.6,29,13,notax,buyer,8,15,0,2021-09-24 13:58:35
68096,15,11.3,29,14,notax,buyer,9,15,0,2021-09-24 14:00:01
68096,15,11.6,29,15,notax,buyer,8,15,0,2021-09-24 14:02:34
68096,15,11,29,16,notax,buyer,10,15,0,2021-09-24 14:04:10
68096,15,11,29,17,notax,buyer,10,15,0,2021-09-24 14:06:36
68096,15,11,29,18,notax,buyer,10,15,0,2021-09-24 14:07:45
68096,14,-2.7,29,19,notax,buyer,9,15,0,2021-09-24 14:10:17
68096,15,10.7,29,20,notax,buyer,11,15,0,2021-09-24 14:12:15
68652,17,1.9,17,1,notax,buyer,7,13,0,2021-09-24 13:31:13
68652,16,1.8,17,2,notax,buyer,9,12.5,0,2021-09-24 13:37:21
68652,17,2.6,17,3,notax,buyer,8,12,0,2021-09-24 13:37:45
68652,15,1.7,17,4,notax,buyer,11,12,0,2021-09-24 13:39:36
68652,13,1.7,17,5,notax,buyer,11,12,0,2021-09-24 13:41:51
68652,12,2.6,17,6,notax,buyer,8,12,0,2021-09-24 13:44:08
68652,12,2,17,7,notax,buyer,10,12,0,2021-09-24 13:46:45
68652,12,2.3,17,8,notax,buyer,9,12,0,2021-09-24 13:47:49
68652,12,2,17,9,notax,buyer,10,12,0,2021-09-24 13:50:02
68652,11.5,-2.4,17,10,notax,buyer,8,12,0,2021-09-24 13:51:52
68652,12,2.59,5,11,tax,seller,4,17.5,10,2021-09-24 13:53:41
68652,16,1.14,5,12,tax,seller,6,16,10,2021-09-24 13:56:04
68652,12,1.64,5,13,tax,seller,6,16.5,10,2021-09-24 13:58:03
68652,15,1.14,5,14,tax,seller,6,16,10,2021-09-24 14:00:06
68652,16,1.16,5,15,tax,seller,7,16,10,2021-09-24 14:02:08
68652,16.5,0.11,5,16,tax,seller,5,16,10,2021-09-24 14:03:37
68652,15,1.14,5,17,tax,seller,6,16,10,2021-09-24 14:06:40
68652,16,1.18,5,18,tax,seller,8,16,10,2021-09-24 14:07:56
68652,16,1.16,5,19,tax,seller,7,16,10,2021-09-24 14:10:10
68652,16,1.14,5,20,tax,seller,6,16,10,2021-09-24 14:11:57
68719,30,0.13,13,1,tax,seller,4,17.5,10,2021-09-24 13:31:14
68719,25,0.13,13,2,tax,seller,4,18,10,2021-09-24 13:36:11
68719,24,0.13,13,3,tax,seller,4,18,10,2021-09-24 13:38:04
68719,20,0.27,13,4,tax,seller,6,18,10,2021-09-24 13:39:52
68719,25,0.31,13,5,tax,seller,7,18,10,2021-09-24 13:41:47
68719,30,0.29,13,6,tax,seller,5,18,10,2021-09-24 13:43:48
68719,28,0.29,13,7,tax,seller,5,18,10,2021-09-24 13:45:40
68719,30,0.34,13,8,tax,seller,6,18,10,2021-09-24 13:47:44
68719,28,0.29,13,9,tax,seller,5,18,10,2021-09-24 13:49:30
68719,28,0.4,13,10,tax,seller,7,18,10,2021-09-24 13:51:42
68719,18,-1.5,6,11,notax,seller,5,15,0,2021-09-24 13:54:03
68719,16,-2.4,6,12,notax,seller,8,15,0,2021-09-24 13:56:00
68719,20,-2.4,6,13,notax,seller,8,15,0,2021-09-24 13:57:36
68719,15,6.3,6,14,notax,seller,9,15,0,2021-09-24 13:59:49
68719,15,6.6,6,15,notax,seller,8,15,0,2021-09-24 14:01:37
68719,14,6,6,16,notax,seller,10,15,0,2021-09-24 14:03:56
68719,15,6,6,17,notax,seller,10,15,0,2021-09-24 14:05:40
68719,15,6,6,18,notax,seller,10,15,0,2021-09-24 14:07:45
68719,15,6.3,6,19,notax,seller,9,15,0,2021-09-24 14:09:40
68719,15,5.7,6,20,notax,seller,11,15,0,2021-09-24 14:11:27
71342,15,5.9,21,1,notax,buyer,7,13,0,2021-09-24 13:30:47
71342,15,5.8,21,2,notax,buyer,9,12.5,0,2021-09-24 13:36:36
71342,16,6.6,21,3,notax,buyer,8,12,0,2021-09-24 13:38:00
71342,16,5.7,21,4,notax,buyer,11,12,0,2021-09-24 13:40:00
71342,14,5.7,21,5,notax,buyer,11,12,0,2021-09-24 13:41:58
71342,13,6.6,21,6,notax,buyer,8,12,0,2021-09-24 13:43:42
71342,12,6,21,7,notax,buyer,10,12,0,2021-09-24 13:45:41
71342,13,6.3,21,8,notax,buyer,9,12,0,2021-09-24 13:47:39
71342,13,6,21,9,notax,buyer,10,12,0,2021-09-24 13:50:07
71342,12,6.6,21,10,notax,buyer,8,12,0,2021-09-24 13:51:32
71342,12,-1.5,19,11,notax,buyer,5,15,0,2021-09-24 13:53:25
71342,20,1.6,19,12,notax,buyer,8,15,0,2021-09-24 13:55:52
71342,20,1.6,19,13,notax,buyer,8,15,0,2021-09-24 13:57:25
71342,17,1.3,19,14,notax,buyer,9,15,0,2021-09-24 13:59:40
71342,16,1.6,19,15,notax,buyer,8,15,0,2021-09-24 14:01:53
71342,20,1,19,16,notax,buyer,10,15,0,2021-09-24 14:04:07
71342,21,1,19,17,notax,buyer,10,15,0,2021-09-24 14:05:46
71342,23,1,19,18,notax,buyer,10,15,0,2021-09-24 14:08:05
71342,20,1.3,19,19,notax,buyer,9,15,0,2021-09-24 14:09:27
71342,20,0.7,19,20,notax,buyer,11,15,0,2021-09-24 14:11:29
71382,30,-2.1,18,1,notax,seller,7,13,0,2021-09-24 13:30:58
71382,20,-2.7,18,2,notax,seller,9,12.5,0,2021-09-24 13:35:57
71382,22,-2.4,18,3,notax,seller,8,12,0,2021-09-24 13:37:40
71382,30,-3.3,18,4,notax,seller,11,12,0,2021-09-24 13:40:13
71382,22,-3.3,18,5,notax,seller,11,12,0,2021-09-24 13:42:00
71382,22,-2.4,18,6,notax,seller,8,12,0,2021-09-24 13:43:59
71382,23,-3,18,7,notax,seller,10,12,0,2021-09-24 13:45:36
71382,23,-2.7,18,8,notax,seller,9,12,0,2021-09-24 13:47:41
71382,25,-3,18,9,notax,seller,10,12,0,2021-09-24 13:49:57
71382,20,-2.4,18,10,notax,seller,8,12,0,2021-09-24 13:52:07
71382,28,0.09,15,11,tax,seller,4,17.5,10,2021-09-24 13:53:58
71382,40,0.14,15,12,tax,seller,6,16,10,2021-09-24 13:56:03
71382,35,0.14,15,13,tax,seller,6,16.5,10,2021-09-24 13:57:49
71382,35,0.14,15,14,tax,seller,6,16,10,2021-09-24 14:00:00
71382,35,0.16,15,15,tax,seller,7,16,10,2021-09-24 14:01:34
71382,35,0.11,15,16,tax,seller,5,16,10,2021-09-24 14:03:40
71382,30,0.14,15,17,tax,seller,6,16,10,2021-09-24 14:05:43
71382,30,0.18,15,18,tax,seller,8,16,10,2021-09-24 14:07:40
71382,26,0.16,15,19,tax,seller,7,16,10,2021-09-24 14:10:19
71382,30,0.14,15,20,tax,seller,6,16,10,2021-09-24 14:12:10
73988,15,1.9,17,1,notax,buyer,7,13,0,2021-09-24 13:30:48
73988,17,1.8,17,2,notax,buyer,9,12.5,0,2021-09-24 13:35:53
73988,10,-2.4,17,3,notax,buyer,8,12,0,2021-09-24 13:37:45
73988,12,1.7,17,4,notax,buyer,11,12,0,2021-09-24 13:39:41
73988,12,1.7,17,5,notax,buyer,11,12,0,2021-09-24 13:41:47
73988,10,-2.4,17,6,notax,buyer,8,12,0,2021-09-24 13:43:56
73988,12,2,17,7,notax,buyer,10,12,0,2021-09-24 13:45:40
73988,11,-2.7,17,8,notax,buyer,9,12,0,2021-09-24 13:47:36
73988,12,2,17,9,notax,buyer,10,12,0,2021-09-24 13:49:53
73988,12,2.6,17,10,notax,buyer,8,12,0,2021-09-24 13:51:40
73988,16,-3.41,11,11,tax,seller,4,17.5,10,2021-09-24 13:54:15
73988,20,0.14,11,12,tax,seller,6,16,10,2021-09-24 13:55:48
73988,20,0.14,11,13,tax,seller,6,16.5,10,2021-09-24 13:57:41
73988,16,-4.86,11,14,tax,seller,6,16,10,2021-09-24 14:00:00
73988,21,0.16,11,15,tax,seller,7,16,10,2021-09-24 14:02:06
73988,21,0.11,11,16,tax,seller,5,16,10,2021-09-24 14:03:30
73988,21,0.14,11,17,tax,seller,6,16,10,2021-09-24 14:05:38
73988,22,0.18,11,18,tax,seller,8,16,10,2021-09-24 14:07:42
73988,22,0.16,11,19,tax,seller,7,16,10,2021-09-24 14:09:43
73988,22,0.14,11,20,tax,seller,6,16,10,2021-09-24 14:11:34
74142,15,2.63,5,1,tax,seller,4,17.5,10,2021-09-24 13:32:38
74142,17,3.13,5,2,tax,seller,4,18,10,2021-09-24 13:36:19
74142,17,3.18,5,3,tax,seller,4,18,10,2021-09-24 13:37:31
74142,15,3.27,5,4,tax,seller,6,18,10,2021-09-24 13:40:18
74142,18,3.31,5,5,tax,seller,7,18,10,2021-09-24 13:42:46
74142,18,3.29,5,6,tax,seller,5,18,10,2021-09-24 13:44:01
74142,18,3.29,5,7,tax,seller,5,18,10,2021-09-24 13:45:40
74142,18,3.34,5,8,tax,seller,6,18,10,2021-09-24 13:47:45
74142,19,0.29,5,9,tax,seller,5,18,10,2021-09-24 13:50:02
74142,18,3.4,5,10,tax,seller,7,18,10,2021-09-24 13:52:01
74142,16,-1.5,16,11,notax,seller,5,15,0,2021-09-24 13:54:05
74142,18,-2.4,16,12,notax,seller,8,15,0,2021-09-24 13:55:35
74142,16,-2.4,16,13,notax,seller,8,15,0,2021-09-24 13:57:47
74142,16,-2.7,16,14,notax,seller,9,15,0,2021-09-24 13:59:27
74142,25,-2.4,16,15,notax,seller,8,15,0,2021-09-24 14:01:36
74142,25,-3,16,16,notax,seller,10,15,0,2021-09-24 14:04:03
74142,30,-3,16,17,notax,seller,10,15,0,2021-09-24 14:06:37
74142,14,-4,16,18,notax,seller,10,15,0,2021-09-24 14:07:41
74142,16,-2.7,16,19,notax,seller,9,15,0,2021-09-24 14:09:37
74142,16,-3.3,16,20,notax,seller,11,15,0,2021-09-24 14:11:26
74387,40,-2.1,20,1,notax,seller,7,13,0,2021-09-24 13:30:52
74387,40,-2.4,20,2,notax,seller,8,12.5,0,2021-09-24 13:36:08
74387,40,-2.4,20,3,notax,seller,8,12,0,2021-09-24 13:37:29
74387,40,-3.3,20,4,notax,seller,11,12,0,2021-09-24 13:39:36
74387,40,-3.3,20,5,notax,seller,11,12,0,2021-09-24 13:41:54
74387,40,-2.4,20,6,notax,seller,8,12,0,2021-09-24 13:43:42
74387,40,-3,20,7,notax,seller,10,12,0,2021-09-24 13:45:39
74387,40,-2.7,20,8,notax,seller,9,12,0,2021-09-24 13:48:16
74387,40,-3,20,9,notax,seller,10,12,0,2021-09-24 13:49:58
74387,40,-2.4,20,10,notax,seller,8,12,0,2021-09-24 13:52:24
74387,16,-1.5,8,11,notax,seller,5,15,0,2021-09-24 13:54:02
74387,20,-2.4,8,12,notax,seller,8,15,0,2021-09-24 13:55:40
74387,40,-2.4,8,13,notax,seller,8,15,0,2021-09-24 13:57:29
74387,17,-2.7,8,14,notax,seller,9,15,0,2021-09-24 13:59:38
74387,16,-2.4,8,15,notax,seller,8,15,0,2021-09-24 14:01:43
74387,15,4,8,16,notax,seller,10,15,0,2021-09-24 14:03:30
74387,16,-3,8,17,notax,seller,10,15,0,2021-09-24 14:05:55
74387,15,4,8,18,notax,seller,10,15,0,2021-09-24 14:07:31
74387,15,4.3,8,19,notax,seller,9,15,0,2021-09-24 14:09:44
74387,15,3.7,8,20,notax,seller,11,15,0,2021-09-24 14:11:49
74390,5,8.9,2,1,notax,seller,7,13,0,2021-09-24 13:31:33
74390,11,7.8,2,2,notax,seller,9,12.5,0,2021-09-24 13:36:58
74390,12,7.6,2,3,notax,seller,8,12,0,2021-09-24 13:37:53
74390,12,6.7,2,4,notax,seller,11,12,0,2021-09-24 13:39:48
74390,12,6.7,2,5,notax,seller,11,12,0,2021-09-24 13:41:55
74390,11,7.6,2,6,notax,seller,8,12,0,2021-09-24 13:43:42
74390,10,7,2,7,notax,seller,10,12,0,2021-09-24 13:46:05
74390,10,7.3,2,8,notax,seller,9,12,0,2021-09-24 13:48:39
74390,10,7,2,9,notax,seller,10,12,0,2021-09-24 13:50:39
74390,10,7.6,2,10,notax,seller,8,12,0,2021-09-24 13:52:04
74390,14,0.09,10,11,tax,buyer,4,17.5,10,2021-09-24 13:54:06
74390,15,0.14,10,12,tax,buyer,6,16,10,2021-09-24 13:55:58
74390,2,0.14,10,13,tax,buyer,6,16.5,10,2021-09-24 13:58:10
74390,15,0.14,10,14,tax,buyer,6,16,10,2021-09-24 14:00:38
74390,15,0.16,10,15,tax,buyer,7,16,10,2021-09-24 14:01:52
74390,15,0.11,10,16,tax,buyer,5,16,10,2021-09-24 14:04:39
74390,10,0.14,10,17,tax,buyer,6,16,10,2021-09-24 14:06:03
74390,10,0.18,10,18,tax,buyer,8,16,10,2021-09-24 14:09:04
74390,10,0.16,10,19,tax,buyer,7,16,10,2021-09-24 14:11:05
74390,10,0.14,10,20,tax,buyer,6,16,10,2021-09-24 14:12:23
74469,18,-2.1,18,1,notax,seller,7,13,0,2021-09-24 13:31:09
77712,22,10.63,28,1,tax,buyer,4,17.5,10,2021-09-24 13:31:25
77712,12,0.13,28,2,tax,buyer,4,18,10,2021-09-24 13:36:01
77712,16,0.18,28,3,tax,buyer,4,18,10,2021-09-24 13:38:12
77712,15,0.27,28,4,tax,buyer,6,18,10,2021-09-24 13:39:44
77712,16,0.31,28,5,tax,buyer,7,18,10,2021-09-24 13:41:50
77712,16,0.29,28,6,tax,buyer,5,18,10,2021-09-24 13:43:42
77712,18,10.29,28,7,tax,buyer,5,18,10,2021-09-24 13:45:54
77712,18,10.34,28,8,tax,buyer,6,18,10,2021-09-24 13:47:53
77712,18,10.29,28,9,tax,buyer,5,18,10,2021-09-24 13:49:43
77712,19,10.4,28,10,tax,buyer,7,18,10,2021-09-24 13:51:46
77712,22,0.09,7,11,tax,seller,4,17.5,10,2021-09-24 13:53:49
77712,19,0.17,7,12,tax,seller,5,16,10,2021-09-24 13:55:42
77712,17,0.14,7,13,tax,seller,6,16.5,10,2021-09-24 13:57:42
77712,16,-0.86,7,14,tax,seller,6,16,10,2021-09-24 13:59:48
77712,20,0.16,7,15,tax,seller,7,16,10,2021-09-24 14:01:44
77712,20,0.11,7,16,tax,seller,5,16,10,2021-09-24 14:03:45
77712,21,0.14,7,17,tax,seller,6,16,10,2021-09-24 14:05:47
77712,21,0.18,7,18,tax,seller,8,16,10,2021-09-24 14:07:36
77712,22,0.16,7,19,tax,seller,7,16,10,2021-09-24 14:09:40
77712,22,0.14,7,20,tax,seller,6,16,10,2021-09-24 14:11:43
78313,15,6.63,1,1,tax,seller,4,17.5,10,2021-09-24 13:30:36
78313,20,0.13,1,2,tax,seller,4,18,10,2021-09-24 13:35:44
78313,20,0.18,1,3,tax,seller,4,18,10,2021-09-24 13:37:35
78313,20,0.27,1,4,tax,seller,6,18,10,2021-09-24 13:39:31
78313,20,0.31,1,5,tax,seller,7,18,10,2021-09-24 13:41:27
78313,20,0.29,1,6,tax,seller,5,18,10,2021-09-24 13:43:27
78313,18,7.29,1,7,tax,seller,5,18,10,2021-09-24 13:45:36
78313,18,7.34,1,8,tax,seller,6,18,10,2021-09-24 13:47:34
78313,18,7.29,1,9,tax,seller,5,18,10,2021-09-24 13:49:30
78313,18,7.4,1,10,tax,seller,7,18,10,2021-09-24 13:51:51
78313,18,0.09,7,11,tax,seller,4,17.5,10,2021-09-24 13:53:49
78313,14,-0.86,7,12,tax,seller,6,16,10,2021-09-24 13:55:48
78313,15,-0.36,7,13,tax,seller,6,16.5,10,2021-09-24 13:57:55
78313,15,-0.86,7,14,tax,seller,6,16,10,2021-09-24 13:59:30
78313,15,-0.84,7,15,tax,seller,7,16,10,2021-09-24 14:01:27
78313,15,-0.89,7,16,tax,seller,5,16,10,2021-09-24 14:03:25
78313,15,-0.86,7,17,tax,seller,6,16,10,2021-09-24 14:05:26
78313,15,-0.82,7,18,tax,seller,8,16,10,2021-09-24 14:07:24
78313,16,-0.84,7,19,tax,seller,7,16,10,2021-09-24 14:09:48
78313,16,-0.86,7,20,tax,seller,6,16,10,2021-09-24 14:11:25
83290,19,2.63,20,1,tax,buyer,4,17.5,10,2021-09-24 13:31:26
83290,17,0.13,20,2,tax,buyer,4,18,10,2021-09-24 13:35:54
83290,10,0.18,20,3,tax,buyer,4,18,10,2021-09-24 13:38:14
83290,17,0.27,20,4,tax,buyer,6,18,10,2021-09-24 13:39:36
83290,19,2.31,20,5,tax,buyer,7,18,10,2021-09-24 13:41:42
83290,22,2.29,20,6,tax,buyer,5,18,10,2021-09-24 13:43:32
83290,18.6,2.29,20,7,tax,buyer,5,18,10,2021-09-24 13:46:02
83290,21,2.34,20,8,tax,buyer,6,18,10,2021-09-24 13:47:46
83290,25,2.29,20,9,tax,buyer,5,18,10,2021-09-24 13:50:05
83290,18.38,2.4,20,10,tax,buyer,7,18,10,2021-09-24 13:51:46
83290,3,-1.5,25,11,notax,buyer,5,15,0,2021-09-24 13:54:09
83290,8.5,-2.4,25,12,notax,buyer,8,15,0,2021-09-24 13:56:12
83290,18,7.6,25,13,notax,buyer,8,15,0,2021-09-24 13:57:48
83290,16,7.3,25,14,notax,buyer,9,15,0,2021-09-24 13:59:55
83290,15.6,7.6,25,15,notax,buyer,8,15,0,2021-09-24 14:01:55
83290,17,7,25,16,notax,buyer,10,15,0,2021-09-24 14:04:05
83290,23,7,25,17,notax,buyer,10,15,0,2021-09-24 14:05:51
83290,21.1,7,25,18,notax,buyer,10,15,0,2021-09-24 14:07:42
83290,21.45,7.3,25,19,notax,buyer,9,15,0,2021-09-24 14:09:54
83290,20.01,6.7,25,20,notax,buyer,11,15,0,2021-09-24 14:12:17
83337,12,0.13,12,1,tax,buyer,4,17.5,10,2021-09-24 13:30:41
83337,12,0.13,12,2,tax,buyer,4,18,10,2021-09-24 13:35:56
83337,12,0.18,12,3,tax,buyer,4,18,10,2021-09-24 13:37:48
83337,16.5,0.27,12,4,tax,buyer,6,18,10,2021-09-24 13:39:39
83337,12,0.31,12,5,tax,buyer,7,18,10,2021-09-24 13:41:39
83337,12,0.29,12,6,tax,buyer,5,18,10,2021-09-24 13:43:43
83337,12,0.29,12,7,tax,buyer,5,18,10,2021-09-24 13:46:09
83337,12,0.34,12,8,tax,buyer,6,18,10,2021-09-24 13:47:32
83337,12,0.29,12,9,tax,buyer,5,18,10,2021-09-24 13:49:33
83337,12,0.4,12,10,tax,buyer,7,18,10,2021-09-24 13:51:29
83337,18,8.5,25,11,notax,buyer,5,15,0,2021-09-24 13:53:36
83337,16,7.6,25,12,notax,buyer,8,15,0,2021-09-24 13:55:41
83337,15,7.6,25,13,notax,buyer,8,15,0,2021-09-24 13:57:35
83337,15,7.3,25,14,notax,buyer,9,15,0,2021-09-24 13:59:50
83337,15,7.6,25,15,notax,buyer,8,15,0,2021-09-24 14:01:33
83337,15,7,25,16,notax,buyer,10,15,0,2021-09-24 14:03:30
83337,15,7,25,17,notax,buyer,10,15,0,2021-09-24 14:05:30
83337,15,7,25,18,notax,buyer,10,15,0,2021-09-24 14:07:29
83337,15,7.3,25,19,notax,buyer,9,15,0,2021-09-24 14:09:47
83337,15,6.7,25,20,notax,buyer,11,15,0,2021-09-24 14:11:36
85651,25,-2.1,20,1,notax,seller,7,13,0,2021-09-24 13:31:01
85651,22,-2.4,20,2,notax,seller,8,12.5,0,2021-09-24 13:35:58
85651,15,-2.4,20,3,notax,seller,8,12,0,2021-09-24 13:37:43
85651,20,-3.3,20,4,notax,seller,11,12,0,2021-09-24 13:39:49
85651,30,-3.3,20,5,notax,seller,11,12,0,2021-09-24 13:41:30
85651,40,-2.4,20,6,notax,seller,8,12,0,2021-09-24 13:43:33
85651,20,-3,20,7,notax,seller,10,12,0,2021-09-24 13:46:01
85651,15,-2.7,20,8,notax,seller,9,12,0,2021-09-24 13:47:31
85651,21,-3,20,9,notax,seller,10,12,0,2021-09-24 13:49:43
85651,20,-2.4,20,10,notax,seller,8,12,0,2021-09-24 13:51:46
85651,13,-1.5,29,11,notax,buyer,5,15,0,2021-09-24 13:53:50
85651,16,11.6,29,12,notax,buyer,8,15,0,2021-09-24 13:55:54
85651,15,11.6,29,13,notax,buyer,8,15,0,2021-09-24 13:57:41
85651,15,11.3,29,14,notax,buyer,9,15,0,2021-09-24 13:59:37
85651,15,11.6,29,15,notax,buyer,8,15,0,2021-09-24 14:01:36
85651,15,11,29,16,notax,buyer,10,15,0,2021-09-24 14:03:37
85651,15,11,29,17,notax,buyer,10,15,0,2021-09-24 14:05:38
85651,15,11,29,18,notax,buyer,10,15,0,2021-09-24 14:07:49
85651,15,11.3,29,19,notax,buyer,9,15,0,2021-09-24 14:09:45
85651,15,10.7,29,20,notax,buyer,11,15,0,2021-09-24 14:11:31
88605,15,-2.1,4,1,notax,seller,7,13,0,2021-09-24 13:30:38
88605,11,5.8,4,2,notax,seller,9,12.5,0,2021-09-24 13:35:50
88605,11,5.6,4,3,notax,seller,8,12,0,2021-09-24 13:37:41
88605,12,4.7,4,4,notax,seller,11,12,0,2021-09-24 13:39:33
88605,12,4.7,4,5,notax,seller,11,12,0,2021-09-24 13:41:29
88605,12,5.6,4,6,notax,seller,8,12,0,2021-09-24 13:43:36
88605,12,5,4,7,notax,seller,10,12,0,2021-09-24 13:45:31
88605,12,5.3,4,8,notax,seller,9,12,0,2021-09-24 13:47:25
88605,12,5,4,9,notax,seller,10,12,0,2021-09-24 13:49:40
88605,12,5.6,4,10,notax,seller,8,12,0,2021-09-24 13:51:41
88605,12,-1.5,27,11,notax,buyer,5,15,0,2021-09-24 13:53:24
88605,0,-2.4,27,12,notax,buyer,8,15,0,2021-09-24 13:55:50
88605,0,-2.4,27,13,notax,buyer,8,15,0,2021-09-24 13:57:42
88605,0,-2.7,27,14,notax,buyer,9,15,0,2021-09-24 13:59:24
88605,0,-2.4,27,15,notax,buyer,8,15,0,2021-09-24 14:01:28
88605,0,-3,27,16,notax,buyer,10,15,0,2021-09-24 14:03:45
88605,0,-3,27,17,notax,buyer,10,15,0,2021-09-24 14:05:25
88605,0,-3,27,18,notax,buyer,10,15,0,2021-09-24 14:07:29
88605,0,-2.7,27,19,notax,buyer,9,15,0,2021-09-24 14:09:41
88605,0,-3.3,27,20,notax,buyer,11,15,0,2021-09-24 14:11:27
89413,23,-2.1,18,1,notax,seller,7,13,0,2021-09-24 13:30:58
89413,18,-2.7,18,2,notax,seller,9,12.5,0,2021-09-24 13:35:57
89413,16,-2.4,18,3,notax,seller,8,12,0,2021-09-24 13:38:05
89413,14,-3.3,18,4,notax,seller,11,12,0,2021-09-24 13:39:51
89413,14,-3.3,18,5,notax,seller,11,12,0,2021-09-24 13:41:40
89413,13,-2.4,18,6,notax,seller,8,12,0,2021-09-24 13:44:04
89413,13,-3,18,7,notax,seller,10,12,0,2021-09-24 13:46:04
89413,18,-2.7,18,8,notax,seller,9,12,0,2021-09-24 13:47:52
89413,16,-3,18,9,notax,seller,10,12,0,2021-09-24 13:49:53
89413,20,-2.4,18,10,notax,seller,8,12,0,2021-09-24 13:51:49
89413,12,0.09,20,11,tax,buyer,4,17.5,10,2021-09-24 13:53:32
89413,13,0.14,20,12,tax,buyer,6,16,10,2021-09-24 13:55:44
89413,17,3.64,20,13,tax,buyer,6,16.5,10,2021-09-24 13:57:53
89413,17,4.14,20,14,tax,buyer,6,16,10,2021-09-24 13:59:39
89413,16,4.16,20,15,tax,buyer,7,16,10,2021-09-24 14:01:47
89413,15.5,0.11,20,16,tax,buyer,5,16,10,2021-09-24 14:03:38
89413,18,4.14,20,17,tax,buyer,6,16,10,2021-09-24 14:05:44
89413,16,4.18,20,18,tax,buyer,8,16,10,2021-09-24 14:07:34
89413,16.08,4.16,20,19,tax,buyer,7,16,10,2021-09-24 14:09:45
89413,15,0.14,20,20,tax,buyer,6,16,10,2021-09-24 14:11:28
91836,20,-2.1,18,1,notax,seller,7,13,0,2021-09-24 13:31:43
91836,13,-2.4,18,2,notax,seller,8,12.5,0,2021-09-24 13:35:45
91836,13,-2.4,18,3,notax,seller,8,12,0,2021-09-24 13:37:32
91836,13,-3.3,18,4,notax,seller,11,12,0,2021-09-24 13:39:55
91836,13,-3.3,18,5,notax,seller,11,12,0,2021-09-24 13:41:38
91836,13,-2.4,18,6,notax,seller,8,12,0,2021-09-24 13:43:40
91836,13,-3,18,7,notax,seller,10,12,0,2021-09-24 13:45:44
91836,13,-2.7,18,8,notax,seller,9,12,0,2021-09-24 13:47:51
91836,13,-3,18,9,notax,seller,10,12,0,2021-09-24 13:49:38
91836,13,-2.4,18,10,notax,seller,8,12,0,2021-09-24 13:52:02
91836,19,-1.5,20,11,notax,seller,5,15,0,2021-09-24 13:53:39
91836,15,-7.4,20,12,notax,seller,8,15,0,2021-09-24 13:55:56
91836,15,-7.4,20,13,notax,seller,8,15,0,2021-09-24 13:57:30
91836,15,-7.7,20,14,notax,seller,9,15,0,2021-09-24 13:59:37
91836,20,-2.4,20,15,notax,seller,8,15,0,2021-09-24 14:01:50
91836,30,-3,20,16,notax,seller,10,15,0,2021-09-24 14:03:38
91836,20,-3,20,17,notax,seller,10,15,0,2021-09-24 14:05:33
91836,20,-3,20,18,notax,seller,10,15,0,2021-09-24 14:07:50
91836,20,-2.7,20,19,notax,seller,9,15,0,2021-09-24 14:09:35
91836,40,-3.3,20,20,notax,seller,11,15,0,2021-09-24 14:11:41
94410,21,0.13,13,1,tax,seller,4,17.5,10,2021-09-24 13:30:20
94410,19.5,0.13,13,2,tax,seller,4,18,10,2021-09-24 13:35:43
94410,18,-4.82,13,3,tax,seller,4,18,10,2021-09-24 13:37:36
94410,18,-4.73,13,4,tax,seller,6,18,10,2021-09-24 13:39:34
94410,18,-4.69,13,5,tax,seller,7,18,10,2021-09-24 13:41:46
94410,18,-4.71,13,6,tax,seller,5,18,10,2021-09-24 13:43:54
94410,25,0.29,13,7,tax,seller,5,18,10,2021-09-24 13:45:31
94410,22.5,0.34,13,8,tax,seller,6,18,10,2021-09-24 13:47:37
94410,25,0.29,13,9,tax,seller,5,18,10,2021-09-24 13:49:46
94410,18,-4.6,13,10,tax,seller,7,18,10,2021-09-24 13:51:39
94410,19,0.09,9,11,tax,seller,4,17.5,10,2021-09-24 13:53:37
94410,16,-2.83,9,12,tax,seller,5,16,10,2021-09-24 13:55:31
94410,16,-2.36,9,13,tax,seller,6,16.5,10,2021-09-24 13:57:33
94410,16.5,0.14,9,14,tax,seller,6,16,10,2021-09-24 13:59:42
94410,16,-2.84,9,15,tax,seller,7,16,10,2021-09-24 14:01:37
94410,16,-2.89,9,16,tax,seller,5,16,10,2021-09-24 14:03:26
94410,16.25,0.14,9,17,tax,seller,6,16,10,2021-09-24 14:05:29
94410,16,-2.82,9,18,tax,seller,8,16,10,2021-09-24 14:07:37
94410,15,-2.84,9,19,tax,seller,7,16,10,2021-09-24 14:09:30
94410,16.19,0.14,9,20,tax,seller,6,16,10,2021-09-24 14:11:30
94441,12,-2.1,6,1,notax,seller,7,13,0,2021-09-24 13:30:44
94441,11,3.8,6,2,notax,seller,9,12.5,0,2021-09-24 13:35:35
94441,12,3.6,6,3,notax,seller,8,12,0,2021-09-24 13:37:44
94441,12,2.7,6,4,notax,seller,11,12,0,2021-09-24 13:39:47
94441,12,2.7,6,5,notax,seller,11,12,0,2021-09-24 13:41:31
94441,12,3.6,6,6,notax,seller,8,12,0,2021-09-24 13:43:27
94441,12,3,6,7,notax,seller,10,12,0,2021-09-24 13:45:29
94441,12,3.3,6,8,notax,seller,9,12,0,2021-09-24 13:47:37
94441,12,3,6,9,notax,seller,10,12,0,2021-09-24 13:49:27
94441,12,3.6,6,10,notax,seller,8,12,0,2021-09-24 13:51:25
94441,12,7.5,6,11,notax,seller,5,15,0,2021-09-24 13:53:40
94441,14,6.6,6,12,notax,seller,8,15,0,2021-09-24 13:55:36
94441,15,6.6,6,13,notax,seller,8,15,0,2021-09-24 13:57:31
94441,7,6.3,6,14,notax,seller,9,15,0,2021-09-24 14:00:07
94441,7,6.6,6,15,notax,seller,8,15,0,2021-09-24 14:01:43
94441,7,6,6,16,notax,seller,10,15,0,2021-09-24 14:03:40
94441,7,6,6,17,notax,seller,10,15,0,2021-09-24 14:05:42
94441,7,6,6,18,notax,seller,10,15,0,2021-09-24 14:07:27
94441,7,6.3,6,19,notax,seller,9,15,0,2021-09-24 14:09:26
94441,7,5.7,6,20,notax,seller,11,15,0,2021-09-24 14:11:43
95020,14,-2.1,14,1,notax,seller,7,13,0,2021-09-24 13:30:32
95020,20,-2.7,14,2,notax,seller,9,12.5,0,2021-09-24 13:35:31
95020,13,-2.4,14,3,notax,seller,8,12,0,2021-09-24 13:37:35
95020,12,-5.3,14,4,notax,seller,11,12,0,2021-09-24 13:39:29
95020,16,-3.3,14,5,notax,seller,11,12,0,2021-09-24 13:41:31
95020,30,-2.4,14,6,notax,seller,8,12,0,2021-09-24 13:43:40
95020,18,-3,14,7,notax,seller,10,12,0,2021-09-24 13:45:35
95020,16,-2.7,14,8,notax,seller,9,12,0,2021-09-24 13:47:40
95020,15,-3,14,9,notax,seller,10,12,0,2021-09-24 13:49:34
95020,10,-4.4,14,10,notax,seller,8,12,0,2021-09-24 13:51:44
95020,5,7.5,6,11,notax,seller,5,15,0,2021-09-24 13:54:07
95020,5,6.6,6,12,notax,seller,8,15,0,2021-09-24 13:55:41
95020,4,6.6,6,13,notax,seller,8,15,0,2021-09-24 13:57:54
95020,5.5,6.3,6,14,notax,seller,9,15,0,2021-09-24 13:59:40
95020,5,6.6,6,15,notax,seller,8,15,0,2021-09-24 14:02:02
95020,5,6,6,16,notax,seller,10,15,0,2021-09-24 14:03:29
95020,5.2,6,6,17,notax,seller,10,15,0,2021-09-24 14:05:34
95020,8.8,6,6,18,notax,seller,10,15,0,2021-09-24 14:07:46
95020,13,6.3,6,19,notax,seller,9,15,0,2021-09-24 14:09:44
95020,14.3,5.7,6,20,notax,seller,11,15,0,2021-09-24 14:11:58
95474,16,-2.1,8,1,notax,seller,7,13,0,2021-09-24 13:30:23
95474,11,1.8,8,2,notax,seller,9,12.5,0,2021-09-24 13:35:43
95474,12,1.6,8,3,notax,seller,8,12,0,2021-09-24 13:37:36
95474,13,-3.3,8,4,notax,seller,11,12,0,2021-09-24 13:39:46
95474,12,0.7,8,5,notax,seller,11,12,0,2021-09-24 13:41:35
95474,11,1.6,8,6,notax,seller,8,12,0,2021-09-24 13:43:40
95474,12,1,8,7,notax,seller,10,12,0,2021-09-24 13:45:54
95474,12,1.3,8,8,notax,seller,9,12,0,2021-09-24 13:48:11
95474,12.5,-3,8,9,notax,seller,10,12,0,2021-09-24 13:49:51
95474,11,1.6,8,10,notax,seller,8,12,0,2021-09-24 13:51:38
95474,16,-5.5,11,11,notax,buyer,5,15,0,2021-09-24 13:53:50
95474,14,-2.4,11,12,notax,buyer,8,15,0,2021-09-24 13:55:34
95474,15,-6.4,11,13,notax,buyer,8,15,0,2021-09-24 13:57:47
95474,12,-2.7,11,14,notax,buyer,9,15,0,2021-09-24 14:00:00
95474,16,-6.4,11,15,notax,buyer,8,15,0,2021-09-24 14:02:01
95474,15,-7,11,16,notax,buyer,10,15,0,2021-09-24 14:04:06
95474,11,-3,11,17,notax,buyer,10,15,0,2021-09-24 14:05:36
95474,11,-3,11,18,notax,buyer,10,15,0,2021-09-24 14:08:52
95474,8,-2.7,11,19,notax,buyer,9,15,0,2021-09-24 14:09:51
95474,15,-7.3,11,20,notax,buyer,11,15,0,2021-09-24 14:11:38
95569,25,0.13,11,1,tax,seller,4,17.5,10,2021-09-24 13:30:31
95569,24,0.13,11,2,tax,seller,4,18,10,2021-09-24 13:35:31
95569,24,0.13,11,3,tax,seller,4,18,10,2021-09-24 13:39:29
95569,24,0.27,11,4,tax,seller,6,18,10,2021-09-24 13:39:45
95569,24,0.31,11,5,tax,seller,7,18,10,2021-09-24 13:41:57
95569,24,0.29,11,6,tax,seller,5,18,10,2021-09-24 13:43:26
95569,24,0.29,11,7,tax,seller,5,18,10,2021-09-24 13:45:35
95569,24,0.34,11,8,tax,seller,6,18,10,2021-09-24 13:47:41
95569,20,0.29,11,9,tax,seller,5,18,10,2021-09-24 13:49:35
95569,21,0.4,11,10,tax,seller,7,18,10,2021-09-24 13:52:14
95569,21,8.59,26,11,tax,buyer,4,17.5,10,2021-09-24 13:53:22
95569,21,10.17,26,12,tax,buyer,5,16,10,2021-09-24 13:55:48
95569,21,9.64,26,13,tax,buyer,6,16.5,10,2021-09-24 13:57:31
95569,21,10.14,26,14,tax,buyer,6,16,10,2021-09-24 14:01:09
95569,21,10.16,26,15,tax,buyer,7,16,10,2021-09-24 14:02:18
95569,21,10.11,26,16,tax,buyer,5,16,10,2021-09-24 14:03:50
95569,21,10.14,26,17,tax,buyer,6,16,10,2021-09-24 14:06:34
95569,21,10.18,26,18,tax,buyer,8,16,10,2021-09-24 14:08:49
95569,21,10.16,26,19,tax,buyer,7,16,10,2021-09-24 14:10:14
95569,21,10.14,26,20,tax,buyer,6,16,10,2021-09-24 14:12:49
96690,20,0.13,7,1,tax,seller,4,17.5,10,2021-09-24 13:34:23
96690,19,0.13,7,2,tax,seller,4,18,10,2021-09-24 13:36:45
96690,19,0.13,7,3,tax,seller,4,18,10,2021-09-24 13:38:54
96690,20,0.27,7,4,tax,seller,6,18,10,2021-09-24 13:41:07
96690,18,1.31,7,5,tax,seller,7,18,10,2021-09-24 13:42:37
96690,19,0.29,7,6,tax,seller,5,18,10,2021-09-24 13:44:09
96690,18.5,0.29,7,7,tax,seller,5,18,10,2021-09-24 13:46:26
96690,18,1.34,7,8,tax,seller,6,18,10,2021-09-24 13:48:14
96690,18,1.29,7,9,tax,seller,5,18,10,2021-09-24 13:50:16
96690,18,1.4,7,10,tax,seller,7,18,10,2021-09-24 13:51:50
96690,18,-1.5,10,11,notax,seller,5,15,0,2021-09-24 13:55:12
96690,15,2.6,10,12,notax,seller,8,15,0,2021-09-24 13:56:47
96690,15.5,-2.4,10,13,notax,seller,8,15,0,2021-09-24 13:59:07
96690,15,2.3,10,14,notax,seller,9,15,0,2021-09-24 13:59:59
96690,15,2.6,10,15,notax,seller,8,15,0,2021-09-24 14:01:44
96690,15,2,10,16,notax,seller,10,15,0,2021-09-24 14:03:41
96690,15,2,10,17,notax,seller,10,15,0,2021-09-24 14:05:51
96690,16,-3,10,18,notax,seller,10,15,0,2021-09-24 14:08:27
96690,15,2.3,10,19,notax,seller,9,15,0,2021-09-24 14:09:43
96690,15,1.7,10,20,notax,seller,11,15,0,2021-09-24 14:12:08
97040,15,4.63,3,1,tax,seller,4,17.5,10,2021-09-24 13:30:51
97040,16,5.13,3,2,tax,seller,4,18,10,2021-09-24 13:36:56
97040,16.5,5.18,3,3,tax,seller,4,18,10,2021-09-24 13:37:44
97040,17,5.27,3,4,tax,seller,6,18,10,2021-09-24 13:39:36
97040,17,5.31,3,5,tax,seller,7,18,10,2021-09-24 13:42:00
97934,5,0.13,10,1,tax,buyer,4,17.5,10,2021-09-24 13:31:52
97934,15,0.13,10,2,tax,buyer,4,18,10,2021-09-24 13:36:16
97934,10,0.18,10,3,tax,buyer,4,18,10,2021-09-24 13:38:33
97934,1,0.27,10,4,tax,buyer,6,18,10,2021-09-24 13:39:56
97934,9,0.31,10,5,tax,buyer,7,18,10,2021-09-24 13:42:06
97934,10,0.29,10,6,tax,buyer,5,18,10,2021-09-24 13:44:04
97934,10,0.29,10,7,tax,buyer,5,18,10,2021-09-24 13:45:59
97934,0,0.34,10,8,tax,buyer,6,18,10,2021-09-24 13:48:20
97934,15,0.29,10,9,tax,buyer,5,18,10,2021-09-24 13:50:10
97934,5,0.4,10,10,tax,buyer,7,18,10,2021-09-24 13:51:57
97934,18,10.5,27,11,notax,buyer,5,15,0,2021-09-24 13:54:09
97934,8,-2.4,27,12,notax,buyer,8,15,0,2021-09-24 13:56:02
97934,17,9.6,27,13,notax,buyer,8,15,0,2021-09-24 13:57:37
97934,15,9.3,27,14,notax,buyer,9,15,0,2021-09-24 13:59:36
97934,14,-2.4,27,15,notax,buyer,8,15,0,2021-09-24 14:01:55
97934,15,9,27,16,notax,buyer,10,15,0,2021-09-24 14:03:31
97934,15,9,27,17,notax,buyer,10,15,0,2021-09-24 14:05:43
97934,15,9,27,18,notax,buyer,10,15,0,2021-09-24 14:07:39
97934,15,9.3,27,19,notax,buyer,9,15,0,2021-09-24 14:09:37
97934,15,8.7,27,20,notax,buyer,11,15,0,2021-09-24 14:11:37
99277,11.5,0.13,12,1,tax,buyer,4,17.5,10,2021-09-24 13:30:42
99277,12,0.13,12,2,tax,buyer,4,18,10,2021-09-24 13:36:28
99277,12,0.13,12,3,tax,buyer,4,18,10,2021-09-24 13:37:36
99277,17,0.27,12,4,tax,buyer,6,18,10,2021-09-24 13:40:02
99277,12,0.31,12,5,tax,buyer,7,18,10,2021-09-24 13:41:58
99277,17,0.29,12,6,tax,buyer,5,18,10,2021-09-24 13:44:09
99277,13,0.29,12,7,tax,buyer,5,18,10,2021-09-24 13:45:40
99277,12,0.34,12,8,tax,buyer,6,18,10,2021-09-24 13:47:55
99277,11,0.29,12,9,tax,buyer,5,18,10,2021-09-24 13:49:36
99277,12,0.4,12,10,tax,buyer,7,18,10,2021-09-24 13:51:47
99277,17.4,0.09,7,11,tax,seller,4,17.5,10,2021-09-24 13:53:58
99277,17.09,0.14,7,12,tax,seller,6,16,10,2021-09-24 13:55:52
99277,17,0.14,7,13,tax,seller,6,16.5,10,2021-09-24 13:57:38
99277,17,0.14,7,14,tax,seller,6,16,10,2021-09-24 13:59:29
99277,16,-0.84,7,15,tax,seller,7,16,10,2021-09-24 14:01:32
99277,16.84,0.11,7,16,tax,seller,5,16,10,2021-09-24 14:03:50
99277,16.73,0.14,7,17,tax,seller,6,16,10,2021-09-24 14:05:45
99277,16.5,0.18,7,18,tax,seller,8,16,10,2021-09-24 14:07:44
99277,16,-0.84,7,19,tax,seller,7,16,10,2021-09-24 14:09:34
99277,16.25,0.14,7,20,tax,seller,6,16,10,2021-09-24 14:11:36
