oneid,choice,profit,variable,round,treatment,role,numtrans,price,tax,time,round_of_ten,Rounds
1005,20,-2.1,18,1,notax,seller,7,13,0,2021-09-24T13:30:30Z,1,Rounds 1-10
1005,19,-2.4,18,2,notax,seller,8,12.5,0,2021-09-24T13:35:53Z,2,Rounds 1-10
1005,15,-2.4,18,3,notax,seller,8,12,0,2021-09-24T13:37:58Z,3,Rounds 1-10
1005,13,-3.3,18,4,notax,seller,11,12,0,2021-09-24T13:39:45Z,4,Rounds 1-10
1005,13,-3.3,18,5,notax,seller,11,12,0,2021-09-24T13:42:01Z,5,Rounds 1-10
1005,19,-2.4,18,6,notax,seller,8,12,0,2021-09-24T13:44:01Z,6,Rounds 1-10
1005,25,-3,18,7,notax,seller,10,12,0,2021-09-24T13:45:40Z,7,Rounds 1-10
1005,19,-2.7,18,8,notax,seller,9,12,0,2021-09-24T13:47:40Z,8,Rounds 1-10
1005,19,-3,18,9,notax,seller,10,12,0,2021-09-24T13:49:31Z,9,Rounds 1-10
1005,19,-2.4,18,10,notax,seller,8,12,0,2021-09-24T13:51:33Z,10,Rounds 1-10
1005,14,-2.5,16,11,notax,seller,5,15,0,2021-09-24T13:53:34Z,1,Rounds 11-20
1005,16,-2.4,16,12,notax,seller,8,15,0,2021-09-24T13:55:38Z,2,Rounds 11-20
1005,15,-3.4,16,13,notax,seller,8,15,0,2021-09-24T13:58:16Z,3,Rounds 11-20
1005,19,-2.7,16,14,notax,seller,9,15,0,2021-09-24T13:59:46Z,4,Rounds 11-20
1005,17,-2.4,16,15,notax,seller,8,15,0,2021-09-24T14:01:38Z,5,Rounds 11-20
1005,17,-3,16,16,notax,seller,10,15,0,2021-09-24T14:03:32Z,6,Rounds 11-20
1005,17,-3,16,17,notax,seller,10,15,0,2021-09-24T14:05:36Z,7,Rounds 11-20
1005,17,-3,16,18,notax,seller,10,15,0,2021-09-24T14:08:03Z,8,Rounds 11-20
1005,15,-3.7,16,19,notax,seller,9,15,0,2021-09-24T14:09:28Z,9,Rounds 11-20
1005,30,-3.3,16,20,notax,seller,11,15,0,2021-09-24T14:11:45Z,10,Rounds 11-20
9096,10,-2.1,29,1,notax,buyer,7,13,0,2021-09-24T13:30:50Z,1,Rounds 1-10
9096,17,13.8,29,2,notax,buyer,9,12.5,0,2021-09-24T13:36:20Z,2,Rounds 1-10
9096,16,14.6,29,3,notax,buyer,8,12,0,2021-09-24T13:38:13Z,3,Rounds 1-10
9096,14,13.7,29,4,notax,buyer,11,12,0,2021-09-24T13:39:59Z,4,Rounds 1-10
9096,13,13.7,29,5,notax,buyer,11,12,0,2021-09-24T13:41:59Z,5,Rounds 1-10
9096,12,14.6,29,6,notax,buyer,8,12,0,2021-09-24T13:43:55Z,6,Rounds 1-10
9096,12,14,29,7,notax,buyer,10,12,0,2021-09-24T13:46:03Z,7,Rounds 1-10
9096,12,14.3,29,8,notax,buyer,9,12,0,2021-09-24T13:47:50Z,8,Rounds 1-10
9096,12,14,29,9,notax,buyer,10,12,0,2021-09-24T13:50:21Z,9,Rounds 1-10
9096,12,14.6,29,10,notax,buyer,8,12,0,2021-09-24T13:52:11Z,10,Rounds 1-10
9096,15,-1.5,20,11,notax,seller,5,15,0,2021-09-24T13:54:03Z,1,Rounds 11-20
9096,15,-7.4,20,12,notax,seller,8,15,0,2021-09-24T13:56:08Z,2,Rounds 11-20
9096,16,-2.4,20,13,notax,seller,8,15,0,2021-09-24T13:58:11Z,3,Rounds 11-20
9096,16,-2.7,20,14,notax,seller,9,15,0,2021-09-24T14:00:05Z,4,Rounds 11-20
9096,16,-2.4,20,15,notax,seller,8,15,0,2021-09-24T14:01:57Z,5,Rounds 11-20
9096,16,-3,20,16,notax,seller,10,15,0,2021-09-24T14:04:06Z,6,Rounds 11-20
9096,15,-8,20,17,notax,seller,10,15,0,2021-09-24T14:05:35Z,7,Rounds 11-20
9096,16,-3,20,18,notax,seller,10,15,0,2021-09-24T14:08:01Z,8,Rounds 11-20
9096,20,-2.7,20,19,notax,seller,9,15,0,2021-09-24T14:09:44Z,9,Rounds 11-20
9096,15,-8.3,20,20,notax,seller,11,15,0,2021-09-24T14:11:35Z,10,Rounds 11-20
9275,19,3.9,19,1,notax,buyer,7,13,0,2021-09-24T13:33:09Z,1,Rounds 1-10
9275,17,4.1,19,2,notax,buyer,8,12.5,0,2021-09-24T13:35:28Z,2,Rounds 1-10
9275,12,4.6,19,3,notax,buyer,8,12,0,2021-09-24T13:37:24Z,3,Rounds 1-10
9275,12,3.7,19,4,notax,buyer,11,12,0,2021-09-24T13:39:29Z,4,Rounds 1-10
9275,13,3.7,19,5,notax,buyer,11,12,0,2021-09-24T13:41:25Z,5,Rounds 1-10
9275,12,4.6,19,6,notax,buyer,8,12,0,2021-09-24T13:43:31Z,6,Rounds 1-10
9275,13,4,19,7,notax,buyer,10,12,0,2021-09-24T13:45:31Z,7,Rounds 1-10
9275,13,4.3,19,8,notax,buyer,9,12,0,2021-09-24T13:47:28Z,8,Rounds 1-10
9275,13,4,19,9,notax,buyer,10,12,0,2021-09-24T13:49:47Z,9,Rounds 1-10
9275,11,-2.4,19,10,notax,buyer,8,12,0,2021-09-24T13:51:29Z,10,Rounds 1-10
9275,10,-1.5,27,11,notax,buyer,5,15,0,2021-09-24T13:53:38Z,1,Rounds 11-20
9275,25,9.6,27,12,notax,buyer,8,15,0,2021-09-24T13:55:34Z,2,Rounds 11-20
9275,17,9.6,27,13,notax,buyer,8,15,0,2021-09-24T13:57:48Z,3,Rounds 11-20
9275,14,-2.7,27,14,notax,buyer,9,15,0,2021-09-24T13:59:29Z,4,Rounds 11-20
9275,13,-2.4,27,15,notax,buyer,8,15,0,2021-09-24T14:01:31Z,5,Rounds 11-20
9275,13,-3,27,16,notax,buyer,10,15,0,2021-09-24T14:03:29Z,6,Rounds 11-20
9275,16,9,27,17,notax,buyer,10,15,0,2021-09-24T14:05:33Z,7,Rounds 11-20
9275,19,9,27,18,notax,buyer,10,15,0,2021-09-24T14:07:37Z,8,Rounds 11-20
9275,13,-2.7,27,19,notax,buyer,9,15,0,2021-09-24T14:10:09Z,9,Rounds 11-20
9275,13,-3.3,27,20,notax,buyer,11,15,0,2021-09-24T14:11:41Z,10,Rounds 11-20
9727,10,8.9,2,1,notax,seller,7,13,0,2021-09-24T13:33:17Z,1,Rounds 1-10
9727,11,7.8,2,2,notax,seller,9,12.5,0,2021-09-24T13:37:43Z,2,Rounds 1-10
9727,12,7.3,2,3,notax,seller,9,12,0,2021-09-24T13:38:17Z,3,Rounds 1-10
9727,12,6.7,2,4,notax,seller,11,12,0,2021-09-24T13:40:36Z,4,Rounds 1-10
9727,12,6.7,2,5,notax,seller,11,12,0,2021-09-24T13:42:54Z,5,Rounds 1-10
10760,8,0.13,26,1,tax,buyer,4,17.5,10,2021-09-24T13:30:33Z,1,Rounds 1-10
10760,17,0.13,26,2,tax,buyer,4,18,10,2021-09-24T13:36:08Z,2,Rounds 1-10
10760,17,0.18,26,3,tax,buyer,4,18,10,2021-09-24T13:38:05Z,3,Rounds 1-10
10760,18,8.27,26,4,tax,buyer,6,18,10,2021-09-24T13:40:01Z,4,Rounds 1-10
10760,19,8.31,26,5,tax,buyer,7,18,10,2021-09-24T13:41:46Z,5,Rounds 1-10
10760,20,8.29,26,6,tax,buyer,5,18,10,2021-09-24T13:43:47Z,6,Rounds 1-10
10760,22,8.29,26,7,tax,buyer,5,18,10,2021-09-24T13:45:47Z,7,Rounds 1-10
10760,26,8.34,26,8,tax,buyer,6,18,10,2021-09-24T13:47:39Z,8,Rounds 1-10
10760,31,8.29,26,9,tax,buyer,5,18,10,2021-09-24T13:50:06Z,9,Rounds 1-10
10760,26,8.4,26,10,tax,buyer,7,18,10,2021-09-24T13:51:53Z,10,Rounds 1-10
10760,19,0.09,7,11,tax,seller,4,17.5,10,2021-09-24T13:54:08Z,1,Rounds 11-20
10760,17,0.14,7,12,tax,seller,6,16,10,2021-09-24T13:56:08Z,2,Rounds 11-20
10760,18,0.14,7,13,tax,seller,6,16.5,10,2021-09-24T13:57:48Z,3,Rounds 11-20
10760,17,0.14,7,14,tax,seller,6,16,10,2021-09-24T14:00:03Z,4,Rounds 11-20
10760,17,0.16,7,15,tax,seller,7,16,10,2021-09-24T14:01:32Z,5,Rounds 11-20
10760,16.02,0.11,7,16,tax,seller,5,16,10,2021-09-24T14:03:41Z,6,Rounds 11-20
10760,17,0.14,7,17,tax,seller,6,16,10,2021-09-24T14:06:17Z,7,Rounds 11-20
10760,17.5,0.18,7,18,tax,seller,8,16,10,2021-09-24T14:07:44Z,8,Rounds 11-20
10760,17.75,0.16,7,19,tax,seller,7,16,10,2021-09-24T14:09:34Z,9,Rounds 11-20
10760,17,0.14,7,20,tax,seller,6,16,10,2021-09-24T14:11:40Z,10,Rounds 11-20
17945,11,0.9,10,1,notax,seller,7,13,0,2021-09-24T13:30:46Z,1,Rounds 1-10
17945,15,-2.7,10,2,notax,seller,9,12.5,0,2021-09-24T13:37:02Z,2,Rounds 1-10
17945,12,-0.4,10,3,notax,seller,8,12,0,2021-09-24T13:38:10Z,3,Rounds 1-10
17945,12,-1.3,10,4,notax,seller,11,12,0,2021-09-24T13:39:43Z,4,Rounds 1-10
17945,13.5,-3.3,10,5,notax,seller,11,12,0,2021-09-24T13:42:40Z,5,Rounds 1-10
17945,12,-0.4,10,6,notax,seller,8,12,0,2021-09-24T13:44:32Z,6,Rounds 1-10
17945,12,-1,10,7,notax,seller,10,12,0,2021-09-24T13:46:12Z,7,Rounds 1-10
17945,12,-0.7,10,8,notax,seller,9,12,0,2021-09-24T13:47:49Z,8,Rounds 1-10
17945,12,-1,10,9,notax,seller,10,12,0,2021-09-24T13:50:21Z,9,Rounds 1-10
17945,12,-0.4,10,10,notax,seller,8,12,0,2021-09-24T13:51:49Z,10,Rounds 1-10
17945,12,0.09,24,11,tax,buyer,4,17.5,10,2021-09-24T13:54:04Z,1,Rounds 11-20
17945,19,8.14,24,12,tax,buyer,6,16,10,2021-09-24T13:57:24Z,2,Rounds 11-20
17945,17,7.64,24,13,tax,buyer,6,16.5,10,2021-09-24T13:59:00Z,3,Rounds 11-20
17945,16,8.14,24,14,tax,buyer,6,16,10,2021-09-24T13:59:57Z,4,Rounds 11-20
17945,16,8.16,24,15,tax,buyer,7,16,10,2021-09-24T14:02:01Z,5,Rounds 11-20
17945,16,8.11,24,16,tax,buyer,5,16,10,2021-09-24T14:03:52Z,6,Rounds 11-20
17945,16,8.14,24,17,tax,buyer,6,16,10,2021-09-24T14:05:39Z,7,Rounds 11-20
17945,16,8.18,24,18,tax,buyer,8,16,10,2021-09-24T14:07:29Z,8,Rounds 11-20
17945,16,8.16,24,19,tax,buyer,7,16,10,2021-09-24T14:09:27Z,9,Rounds 11-20
17945,16,8.14,24,20,tax,buyer,6,16,10,2021-09-24T14:12:19Z,10,Rounds 11-20
18929,6,0.13,10,1,tax,buyer,4,17.5,10,2021-09-24T13:31:20Z,1,Rounds 1-10
18929,0,0.13,10,2,tax,buyer,4,18,10,2021-09-24T13:36:05Z,2,Rounds 1-10
18929,15,0.13,10,3,tax,buyer,4,18,10,2021-09-24T13:39:05Z,3,Rounds 1-10
18929,0,0.27,10,4,tax,buyer,6,18,10,2021-09-24T13:39:59Z,4,Rounds 1-10
18929,15,0.31,10,5,tax,buyer,7,18,10,2021-09-24T13:42:03Z,5,Rounds 1-10
18929,13,0.29,10,6,tax,buyer,5,18,10,2021-09-24T13:44:06Z,6,Rounds 1-10
18929,15,0.29,10,7,tax,buyer,5,18,10,2021-09-24T13:47:06Z,7,Rounds 1-10
18929,10,0.34,10,8,tax,buyer,6,18,10,2021-09-24T13:48:34Z,8,Rounds 1-10
18929,5,0.29,10,9,tax,buyer,5,18,10,2021-09-24T13:49:55Z,9,Rounds 1-10
18929,10,0.4,10,10,tax,buyer,7,18,10,2021-09-24T13:52:23Z,10,Rounds 1-10
18929,1,-1.5,23,11,notax,buyer,5,15,0,2021-09-24T13:54:13Z,1,Rounds 11-20
18929,15,5.6,23,12,notax,buyer,8,15,0,2021-09-24T13:55:41Z,2,Rounds 11-20
18929,14,-2.4,23,13,notax,buyer,8,15,0,2021-09-24T13:58:13Z,3,Rounds 11-20
18929,10,-2.7,23,14,notax,buyer,9,15,0,2021-09-24T13:59:53Z,4,Rounds 11-20
18929,0,-2.4,23,15,notax,buyer,8,15,0,2021-09-24T14:01:39Z,5,Rounds 11-20
18929,8,-3,23,16,notax,buyer,10,15,0,2021-09-24T14:03:37Z,6,Rounds 11-20
18929,15,5,23,17,notax,buyer,10,15,0,2021-09-24T14:05:57Z,7,Rounds 11-20
18929,15,5,23,18,notax,buyer,10,15,0,2021-09-24T14:07:50Z,8,Rounds 11-20
18929,15,5.3,23,19,notax,buyer,9,15,0,2021-09-24T14:10:03Z,9,Rounds 11-20
18929,15,4.7,23,20,notax,buyer,11,15,0,2021-09-24T14:11:46Z,10,Rounds 11-20
22446,20,-0.1,15,1,notax,buyer,7,13,0,2021-09-24T13:30:22Z,1,Rounds 1-10
22446,13,-0.2,15,2,notax,buyer,9,12.5,0,2021-09-24T13:35:44Z,2,Rounds 1-10
22446,20,0.6,15,3,notax,buyer,8,12,0,2021-09-24T13:38:03Z,3,Rounds 1-10
22446,15,-0.3,15,4,notax,buyer,11,12,0,2021-09-24T13:39:50Z,4,Rounds 1-10
22446,16,-0.3,15,5,notax,buyer,11,12,0,2021-09-24T13:42:13Z,5,Rounds 1-10
22446,17,0.6,15,6,notax,buyer,8,12,0,2021-09-24T13:43:33Z,6,Rounds 1-10
22446,18,0,15,7,notax,buyer,10,12,0,2021-09-24T13:45:41Z,7,Rounds 1-10
22446,20,0.3,15,8,notax,buyer,9,12,0,2021-09-24T13:47:48Z,8,Rounds 1-10
22446,12,0,15,9,notax,buyer,10,12,0,2021-09-24T13:50:02Z,9,Rounds 1-10
22446,19,0.6,15,10,notax,buyer,8,12,0,2021-09-24T13:52:06Z,10,Rounds 1-10
22446,20,-1.41,16,11,tax,buyer,4,17.5,10,2021-09-24T13:53:45Z,1,Rounds 11-20
22446,21,0.14,16,12,tax,buyer,6,16,10,2021-09-24T13:55:53Z,2,Rounds 11-20
22446,20,-0.36,16,13,tax,buyer,6,16.5,10,2021-09-24T13:58:07Z,3,Rounds 11-20
22446,0,0.14,16,14,tax,buyer,6,16,10,2021-09-24T14:00:00Z,4,Rounds 11-20
22446,16,0.16,16,15,tax,buyer,7,16,10,2021-09-24T14:01:57Z,5,Rounds 11-20
22446,17.88,0.11,16,16,tax,buyer,5,16,10,2021-09-24T14:03:53Z,6,Rounds 11-20
22446,21,0.14,16,17,tax,buyer,6,16,10,2021-09-24T14:06:59Z,7,Rounds 11-20
22446,16,0.18,16,18,tax,buyer,8,16,10,2021-09-24T14:07:50Z,8,Rounds 11-20
22446,20,0.16,16,19,tax,buyer,7,16,10,2021-09-24T14:09:33Z,9,Rounds 11-20
22446,1.5,0.14,16,20,tax,buyer,6,16,10,2021-09-24T14:11:41Z,10,Rounds 11-20
24630,11,-2.1,15,1,notax,buyer,7,13,0,2021-09-24T13:32:49Z,1,Rounds 1-10
24630,15,-0.2,15,2,notax,buyer,9,12.5,0,2021-09-24T13:36:10Z,2,Rounds 1-10
24630,14,0.6,15,3,notax,buyer,8,12,0,2021-09-24T13:38:33Z,3,Rounds 1-10
24630,13,-0.3,15,4,notax,buyer,11,12,0,2021-09-24T13:39:47Z,4,Rounds 1-10
26249,30,9.9,25,1,notax,buyer,7,13,0,2021-09-24T13:30:41Z,1,Rounds 1-10
26249,30,9.8,25,2,notax,buyer,9,12.5,0,2021-09-24T13:36:46Z,2,Rounds 1-10
26249,13,10.3,25,3,notax,buyer,9,12,0,2021-09-24T13:40:08Z,3,Rounds 1-10
26249,12,9.7,25,4,notax,buyer,11,12,0,2021-09-24T13:40:38Z,4,Rounds 1-10
26249,14,9.7,25,5,notax,buyer,11,12,0,2021-09-24T13:42:01Z,5,Rounds 1-10
26249,12,10.6,25,6,notax,buyer,8,12,0,2021-09-24T13:44:46Z,6,Rounds 1-10
26249,12.5,10,25,7,notax,buyer,10,12,0,2021-09-24T13:46:11Z,7,Rounds 1-10
26249,12.1,10.3,25,8,notax,buyer,9,12,0,2021-09-24T13:48:11Z,8,Rounds 1-10
26249,12,10,25,9,notax,buyer,10,12,0,2021-09-24T13:49:57Z,9,Rounds 1-10
26249,15,10.6,25,10,notax,buyer,8,12,0,2021-09-24T13:52:21Z,10,Rounds 1-10
26249,14,1.5,12,11,notax,seller,5,15,0,2021-09-24T13:54:20Z,1,Rounds 11-20
26249,15,0.6,12,12,notax,seller,8,15,0,2021-09-24T13:56:50Z,2,Rounds 11-20
26249,16,-2.4,12,13,notax,seller,8,15,0,2021-09-24T13:58:33Z,3,Rounds 11-20
26249,15.5,-2.7,12,14,notax,seller,9,15,0,2021-09-24T14:00:23Z,4,Rounds 11-20
26249,15.5,-2.4,12,15,notax,seller,8,15,0,2021-09-24T14:02:15Z,5,Rounds 11-20
26249,15,0,12,16,notax,seller,10,15,0,2021-09-24T14:03:39Z,6,Rounds 11-20
26249,12,0,12,17,notax,seller,10,15,0,2021-09-24T14:05:45Z,7,Rounds 11-20
26249,15,0,12,18,notax,seller,10,15,0,2021-09-24T14:07:41Z,8,Rounds 11-20
26249,15.5,-2.7,12,19,notax,seller,9,15,0,2021-09-24T14:09:43Z,9,Rounds 11-20
26249,15.1,-3.3,12,20,notax,seller,11,15,0,2021-09-24T14:11:47Z,10,Rounds 11-20
27285,4,0.13,16,1,tax,buyer,4,17.5,10,2021-09-24T13:30:41Z,1,Rounds 1-10
27285,16,0.13,16,2,tax,buyer,4,18,10,2021-09-24T13:35:44Z,2,Rounds 1-10
27285,15,0.18,16,3,tax,buyer,4,18,10,2021-09-24T13:38:02Z,3,Rounds 1-10
27285,18,-1.73,16,4,tax,buyer,6,18,10,2021-09-24T13:39:45Z,4,Rounds 1-10
27285,15,0.31,16,5,tax,buyer,7,18,10,2021-09-24T13:41:38Z,5,Rounds 1-10
27285,14,0.29,16,6,tax,buyer,5,18,10,2021-09-24T13:43:35Z,6,Rounds 1-10
27285,15.9,0.29,16,7,tax,buyer,5,18,10,2021-09-24T13:45:44Z,7,Rounds 1-10
27285,15.5,0.34,16,8,tax,buyer,6,18,10,2021-09-24T13:47:37Z,8,Rounds 1-10
27285,14,0.29,16,9,tax,buyer,5,18,10,2021-09-24T13:49:28Z,9,Rounds 1-10
27285,14.4,0.4,16,10,tax,buyer,7,18,10,2021-09-24T13:51:33Z,10,Rounds 1-10
27285,20,-1.5,12,11,notax,seller,5,15,0,2021-09-24T13:53:37Z,1,Rounds 11-20
27285,14.5,0.6,12,12,notax,seller,8,15,0,2021-09-24T13:55:46Z,2,Rounds 11-20
27285,15,0.6,12,13,notax,seller,8,15,0,2021-09-24T13:57:39Z,3,Rounds 11-20
27285,15.5,-2.7,12,14,notax,seller,9,15,0,2021-09-24T13:59:39Z,4,Rounds 11-20
27285,14.8,0.6,12,15,notax,seller,8,15,0,2021-09-24T14:01:31Z,5,Rounds 11-20
27285,14,0,12,16,notax,seller,10,15,0,2021-09-24T14:03:32Z,6,Rounds 11-20
27285,15,0,12,17,notax,seller,10,15,0,2021-09-24T14:05:40Z,7,Rounds 11-20
27285,14.5,0,12,18,notax,seller,10,15,0,2021-09-24T14:07:50Z,8,Rounds 11-20
27285,14.8,0.3,12,19,notax,seller,9,15,0,2021-09-24T14:09:35Z,9,Rounds 11-20
27285,14.7,-0.3,12,20,notax,seller,11,15,0,2021-09-24T14:11:30Z,10,Rounds 11-20
31365,8,6.9,4,1,notax,seller,7,13,0,2021-09-24T13:30:24Z,1,Rounds 1-10
31365,13,-2.7,4,2,notax,seller,9,12.5,0,2021-09-24T13:35:39Z,2,Rounds 1-10
31365,14,-2.4,4,3,notax,seller,8,12,0,2021-09-24T13:37:36Z,3,Rounds 1-10
31365,14,-3.3,4,4,notax,seller,11,12,0,2021-09-24T13:39:35Z,4,Rounds 1-10
31365,14,-3.3,4,5,notax,seller,11,12,0,2021-09-24T13:41:40Z,5,Rounds 1-10
31365,14,-2.4,4,6,notax,seller,8,12,0,2021-09-24T13:43:33Z,6,Rounds 1-10
31365,14,-3,4,7,notax,seller,10,12,0,2021-09-24T13:45:29Z,7,Rounds 1-10
31365,13,-2.7,4,8,notax,seller,9,12,0,2021-09-24T13:47:27Z,8,Rounds 1-10
31365,11.5,5,4,9,notax,seller,10,12,0,2021-09-24T13:49:35Z,9,Rounds 1-10
31365,11.9,5.6,4,10,notax,seller,8,12,0,2021-09-24T13:51:38Z,10,Rounds 1-10
31365,11.5,2.59,5,11,tax,seller,4,17.5,10,2021-09-24T13:53:40Z,1,Rounds 11-20
31365,13,1.17,5,12,tax,seller,5,16,10,2021-09-24T13:55:36Z,2,Rounds 11-20
31365,11,1.64,5,13,tax,seller,6,16.5,10,2021-09-24T13:57:30Z,3,Rounds 11-20
31365,11,1.14,5,14,tax,seller,6,16,10,2021-09-24T13:59:28Z,4,Rounds 11-20
31365,18,0.16,5,15,tax,seller,7,16,10,2021-09-24T14:01:39Z,5,Rounds 11-20
31365,25,0.11,5,16,tax,seller,5,16,10,2021-09-24T14:03:39Z,6,Rounds 11-20
31365,15.5,1.14,5,17,tax,seller,6,16,10,2021-09-24T14:05:41Z,7,Rounds 11-20
31365,15.5,1.18,5,18,tax,seller,8,16,10,2021-09-24T14:07:43Z,8,Rounds 11-20
31365,15.5,1.16,5,19,tax,seller,7,16,10,2021-09-24T14:09:33Z,9,Rounds 11-20
31365,15.5,1.14,5,20,tax,seller,6,16,10,2021-09-24T14:11:37Z,10,Rounds 11-20
32011,16,-2.1,6,1,notax,seller,7,13,0,2021-09-24T13:31:30Z,1,Rounds 1-10
32011,10,3.8,6,2,notax,seller,9,12.5,0,2021-09-24T13:35:56Z,2,Rounds 1-10
32011,12,3.6,6,3,notax,seller,8,12,0,2021-09-24T13:37:53Z,3,Rounds 1-10
32011,12,2.7,6,4,notax,seller,11,12,0,2021-09-24T13:40:13Z,4,Rounds 1-10
32011,12,2.7,6,5,notax,seller,11,12,0,2021-09-24T13:41:54Z,5,Rounds 1-10
32011,12,3.6,6,6,notax,seller,8,12,0,2021-09-24T13:43:55Z,6,Rounds 1-10
32011,12,3,6,7,notax,seller,10,12,0,2021-09-24T13:45:55Z,7,Rounds 1-10
32011,12,3.3,6,8,notax,seller,9,12,0,2021-09-24T13:47:48Z,8,Rounds 1-10
32011,12,3,6,9,notax,seller,10,12,0,2021-09-24T13:49:47Z,9,Rounds 1-10
32011,12,3.6,6,10,notax,seller,8,12,0,2021-09-24T13:51:37Z,10,Rounds 1-10
32011,12,11.5,2,11,notax,seller,5,15,0,2021-09-24T13:53:57Z,1,Rounds 11-20
32011,13,10.6,2,12,notax,seller,8,15,0,2021-09-24T13:55:41Z,2,Rounds 11-20
32011,14,10.6,2,13,notax,seller,8,15,0,2021-09-24T13:57:39Z,3,Rounds 11-20
32011,15,10.3,2,14,notax,seller,9,15,0,2021-09-24T13:59:37Z,4,Rounds 11-20
32011,15,10.6,2,15,notax,seller,8,15,0,2021-09-24T14:01:56Z,5,Rounds 11-20
32011,15,10,2,16,notax,seller,10,15,0,2021-09-24T14:03:36Z,6,Rounds 11-20
32011,15,10,2,17,notax,seller,10,15,0,2021-09-24T14:05:30Z,7,Rounds 11-20
32011,15,10,2,18,notax,seller,10,15,0,2021-09-24T14:07:48Z,8,Rounds 11-20
32011,15,10.3,2,19,notax,seller,9,15,0,2021-09-24T14:09:45Z,9,Rounds 11-20
32011,15,9.7,2,20,notax,seller,11,15,0,2021-09-24T14:11:38Z,10,Rounds 11-20
33039,10,0.13,20,1,tax,buyer,4,17.5,10,2021-09-24T13:30:18Z,1,Rounds 1-10
33039,20,2.13,20,2,tax,buyer,4,18,10,2021-09-24T13:35:32Z,2,Rounds 1-10
33039,18,2.18,20,3,tax,buyer,4,18,10,2021-09-24T13:37:31Z,3,Rounds 1-10
33039,18,2.27,20,4,tax,buyer,6,18,10,2021-09-24T13:39:25Z,4,Rounds 1-10
33039,0,0.31,20,5,tax,buyer,7,18,10,2021-09-24T13:41:29Z,5,Rounds 1-10
33039,15,0.29,20,6,tax,buyer,5,18,10,2021-09-24T13:43:31Z,6,Rounds 1-10
33039,18.5,2.29,20,7,tax,buyer,5,18,10,2021-09-24T13:45:31Z,7,Rounds 1-10
33039,18,2.34,20,8,tax,buyer,6,18,10,2021-09-24T13:47:34Z,8,Rounds 1-10
33039,12,0.29,20,9,tax,buyer,5,18,10,2021-09-24T13:49:33Z,9,Rounds 1-10
33039,13,0.4,20,10,tax,buyer,7,18,10,2021-09-24T13:51:39Z,10,Rounds 1-10
33039,26,-1.5,20,11,notax,seller,5,15,0,2021-09-24T13:53:57Z,1,Rounds 11-20
33039,20,-2.4,20,12,notax,seller,8,15,0,2021-09-24T13:55:40Z,2,Rounds 11-20
33039,22,-2.4,20,13,notax,seller,8,15,0,2021-09-24T13:57:42Z,3,Rounds 11-20
33039,16,-2.7,20,14,notax,seller,9,15,0,2021-09-24T13:59:37Z,4,Rounds 11-20
33039,19,-2.4,20,15,notax,seller,8,15,0,2021-09-24T14:01:36Z,5,Rounds 11-20
33039,25,-3,20,16,notax,seller,10,15,0,2021-09-24T14:03:33Z,6,Rounds 11-20
33039,30,-3,20,17,notax,seller,10,15,0,2021-09-24T14:05:40Z,7,Rounds 11-20
33039,15,-8,20,18,notax,seller,10,15,0,2021-09-24T14:07:44Z,8,Rounds 11-20
33039,30,-2.7,20,19,notax,seller,9,15,0,2021-09-24T14:09:40Z,9,Rounds 11-20
33039,30,-3.3,20,20,notax,seller,11,15,0,2021-09-24T14:11:44Z,10,Rounds 11-20
34736,26,-2.1,16,1,notax,seller,7,13,0,2021-09-24T13:30:39Z,1,Rounds 1-10
34736,25,-2.7,16,2,notax,seller,9,12.5,0,2021-09-24T13:35:57Z,2,Rounds 1-10
34736,24,-2.4,16,3,notax,seller,8,12,0,2021-09-24T13:37:37Z,3,Rounds 1-10
34736,23,-3.3,16,4,notax,seller,11,12,0,2021-09-24T13:39:31Z,4,Rounds 1-10
34736,20,-3.3,16,5,notax,seller,11,12,0,2021-09-24T13:41:38Z,5,Rounds 1-10
34736,18,-2.4,16,6,notax,seller,8,12,0,2021-09-24T13:43:48Z,6,Rounds 1-10
34736,16,-3,16,7,notax,seller,10,12,0,2021-09-24T13:45:45Z,7,Rounds 1-10
34736,16,-2.7,16,8,notax,seller,9,12,0,2021-09-24T13:47:54Z,8,Rounds 1-10
34736,16,-3,16,9,notax,seller,10,12,0,2021-09-24T13:49:33Z,9,Rounds 1-10
34736,12,-6.4,16,10,notax,seller,8,12,0,2021-09-24T13:51:46Z,10,Rounds 1-10
34736,40,0.09,17,11,tax,seller,4,17.5,10,2021-09-24T13:54:10Z,1,Rounds 11-20
34736,39,0.17,17,12,tax,seller,5,16,10,2021-09-24T13:55:44Z,2,Rounds 11-20
34736,38,0.14,17,13,tax,seller,6,16.5,10,2021-09-24T13:57:35Z,3,Rounds 11-20
34736,36,0.14,17,14,tax,seller,6,16,10,2021-09-24T13:59:45Z,4,Rounds 11-20
34736,34,0.16,17,15,tax,seller,7,16,10,2021-09-24T14:01:34Z,5,Rounds 11-20
34736,29,0.11,17,16,tax,seller,5,16,10,2021-09-24T14:03:35Z,6,Rounds 11-20
34736,29,0.14,17,17,tax,seller,6,16,10,2021-09-24T14:05:33Z,7,Rounds 11-20
34736,28,0.18,17,18,tax,seller,8,16,10,2021-09-24T14:07:33Z,8,Rounds 11-20
34736,27,0.16,17,19,tax,seller,7,16,10,2021-09-24T14:09:34Z,9,Rounds 11-20
34736,26,0.14,17,20,tax,seller,6,16,10,2021-09-24T14:11:53Z,10,Rounds 11-20
35179,20,0.13,3,1,tax,seller,4,17.5,10,2021-09-24T13:30:35Z,1,Rounds 1-10
35179,19,0.13,3,2,tax,seller,4,18,10,2021-09-24T13:36:25Z,2,Rounds 1-10
35179,19.5,0.13,3,3,tax,seller,4,18,10,2021-09-24T13:38:15Z,3,Rounds 1-10
35179,17,5.27,3,4,tax,seller,6,18,10,2021-09-24T13:39:59Z,4,Rounds 1-10
35179,17.5,5.31,3,5,tax,seller,7,18,10,2021-09-24T13:42:14Z,5,Rounds 1-10
35179,18.8,0.29,3,6,tax,seller,5,18,10,2021-09-24T13:44:10Z,6,Rounds 1-10
35179,17.99,5.29,3,7,tax,seller,5,18,10,2021-09-24T13:45:44Z,7,Rounds 1-10
35179,17.99,5.34,3,8,tax,seller,6,18,10,2021-09-24T13:48:41Z,8,Rounds 1-10
35179,18,5.29,3,9,tax,seller,5,18,10,2021-09-24T13:49:58Z,9,Rounds 1-10
35179,16.99,5.4,3,10,tax,seller,7,18,10,2021-09-24T13:52:15Z,10,Rounds 1-10
35179,15.99,0.09,14,11,tax,buyer,4,17.5,10,2021-09-24T13:53:51Z,1,Rounds 11-20
35179,14.99,0.14,14,12,tax,buyer,6,16,10,2021-09-24T13:56:54Z,2,Rounds 11-20
35179,16.99,0.14,14,13,tax,buyer,6,16.5,10,2021-09-24T13:58:07Z,3,Rounds 11-20
35179,18.99,-1.86,14,14,tax,buyer,6,16,10,2021-09-24T14:00:30Z,4,Rounds 11-20
35179,16.99,-1.84,14,15,tax,buyer,7,16,10,2021-09-24T14:02:11Z,5,Rounds 11-20
35179,15,0.11,14,16,tax,buyer,5,16,10,2021-09-24T14:04:14Z,6,Rounds 11-20
35179,15.99,0.14,14,17,tax,buyer,6,16,10,2021-09-24T14:05:59Z,7,Rounds 11-20
35179,16,-1.82,14,18,tax,buyer,8,16,10,2021-09-24T14:07:54Z,8,Rounds 11-20
35179,15.5,0.16,14,19,tax,buyer,7,16,10,2021-09-24T14:10:59Z,9,Rounds 11-20
35179,16.49,-1.86,14,20,tax,buyer,6,16,10,2021-09-24T14:12:36Z,10,Rounds 11-20
37449,25,0.13,5,1,tax,seller,4,17.5,10,2021-09-24T13:30:42Z,1,Rounds 1-10
37449,17,3.13,5,2,tax,seller,4,18,10,2021-09-24T13:36:06Z,2,Rounds 1-10
37449,18,3.18,5,3,tax,seller,4,18,10,2021-09-24T13:38:00Z,3,Rounds 1-10
37449,18,3.27,5,4,tax,seller,6,18,10,2021-09-24T13:39:48Z,4,Rounds 1-10
37449,18,3.31,5,5,tax,seller,7,18,10,2021-09-24T13:41:39Z,5,Rounds 1-10
37449,18,3.29,5,6,tax,seller,5,18,10,2021-09-24T13:43:43Z,6,Rounds 1-10
37449,18,3.29,5,7,tax,seller,5,18,10,2021-09-24T13:45:51Z,7,Rounds 1-10
37449,18,3.34,5,8,tax,seller,6,18,10,2021-09-24T13:47:43Z,8,Rounds 1-10
37449,18,3.29,5,9,tax,seller,5,18,10,2021-09-24T13:49:45Z,9,Rounds 1-10
37449,18,3.4,5,10,tax,seller,7,18,10,2021-09-24T13:51:36Z,10,Rounds 1-10
37449,16,4.59,3,11,tax,seller,4,17.5,10,2021-09-24T13:53:57Z,1,Rounds 11-20
37449,16,3.14,3,12,tax,seller,6,16,10,2021-09-24T13:56:04Z,2,Rounds 11-20
37449,16,3.64,3,13,tax,seller,6,16.5,10,2021-09-24T13:57:40Z,3,Rounds 11-20
37449,16,3.14,3,14,tax,seller,6,16,10,2021-09-24T13:59:56Z,4,Rounds 11-20
37449,16,3.16,3,15,tax,seller,7,16,10,2021-09-24T14:01:38Z,5,Rounds 11-20
37449,16,3.11,3,16,tax,seller,5,16,10,2021-09-24T14:03:41Z,6,Rounds 11-20
37449,8,3.14,3,17,tax,seller,6,16,10,2021-09-24T14:05:41Z,7,Rounds 11-20
37449,9,3.18,3,18,tax,seller,8,16,10,2021-09-24T14:07:58Z,8,Rounds 11-20
37449,9,3.16,3,19,tax,seller,7,16,10,2021-09-24T14:10:21Z,9,Rounds 11-20
37449,10,3.14,3,20,tax,seller,6,16,10,2021-09-24T14:11:45Z,10,Rounds 11-20
40468,7,6.9,4,1,notax,seller,7,13,0,2021-09-24T13:31:01Z,1,Rounds 1-10
40468,12,5.8,4,2,notax,seller,9,12.5,0,2021-09-24T13:36:33Z,2,Rounds 1-10
40468,13,-2.4,4,3,notax,seller,8,12,0,2021-09-24T13:38:32Z,3,Rounds 1-10
40468,11,4.7,4,4,notax,seller,11,12,0,2021-09-24T13:39:56Z,4,Rounds 1-10
40468,12,4.7,4,5,notax,seller,11,12,0,2021-09-24T13:41:39Z,5,Rounds 1-10
40468,13,-2.4,4,6,notax,seller,8,12,0,2021-09-24T13:44:25Z,6,Rounds 1-10
40468,12,5,4,7,notax,seller,10,12,0,2021-09-24T13:46:39Z,7,Rounds 1-10
40468,12,5.3,4,8,notax,seller,9,12,0,2021-09-24T13:48:09Z,8,Rounds 1-10
40468,12,5,4,9,notax,seller,10,12,0,2021-09-24T13:50:02Z,9,Rounds 1-10
40468,12,5.6,4,10,notax,seller,8,12,0,2021-09-24T13:51:45Z,10,Rounds 1-10
40468,30,0.09,15,11,tax,seller,4,17.5,10,2021-09-24T13:54:17Z,1,Rounds 11-20
40468,26,0.17,15,12,tax,seller,5,16,10,2021-09-24T13:56:00Z,2,Rounds 11-20
40468,25,0.14,15,13,tax,seller,6,16.5,10,2021-09-24T13:57:40Z,3,Rounds 11-20
40468,26,0.14,15,14,tax,seller,6,16,10,2021-09-24T14:01:11Z,4,Rounds 11-20
40468,25,0.16,15,15,tax,seller,7,16,10,2021-09-24T14:02:57Z,5,Rounds 11-20
40468,20,0.11,15,16,tax,seller,5,16,10,2021-09-24T14:04:35Z,6,Rounds 11-20
40468,30,0.14,15,17,tax,seller,6,16,10,2021-09-24T14:06:38Z,7,Rounds 11-20
40468,35,0.18,15,18,tax,seller,8,16,10,2021-09-24T14:07:50Z,8,Rounds 11-20
40468,40,0.16,15,19,tax,seller,7,16,10,2021-09-24T14:09:45Z,9,Rounds 11-20
40468,40,0.14,15,20,tax,seller,6,16,10,2021-09-24T14:11:46Z,10,Rounds 11-20
41907,0.03,-2.1,19,1,notax,buyer,7,13,0,2021-09-24T13:31:55Z,1,Rounds 1-10
41907,0.07,-2.7,19,2,notax,buyer,9,12.5,0,2021-09-24T13:39:10Z,2,Rounds 1-10
44211,10,0.13,28,1,tax,buyer,4,17.5,10,2021-09-24T13:30:18Z,1,Rounds 1-10
44211,19,10.13,28,2,tax,buyer,4,18,10,2021-09-24T13:35:43Z,2,Rounds 1-10
44211,19,10.13,28,3,tax,buyer,4,18,10,2021-09-24T13:37:29Z,3,Rounds 1-10
44211,19,10.27,28,4,tax,buyer,6,18,10,2021-09-24T13:40:08Z,4,Rounds 1-10
44211,18,10.31,28,5,tax,buyer,7,18,10,2021-09-24T13:41:27Z,5,Rounds 1-10
44211,18,10.29,28,6,tax,buyer,5,18,10,2021-09-24T13:43:52Z,6,Rounds 1-10
44211,18,10.29,28,7,tax,buyer,5,18,10,2021-09-24T13:45:37Z,7,Rounds 1-10
44211,18,10.34,28,8,tax,buyer,6,18,10,2021-09-24T13:47:56Z,8,Rounds 1-10
44211,15,0.29,28,9,tax,buyer,5,18,10,2021-09-24T13:49:45Z,9,Rounds 1-10
44211,18,10.4,28,10,tax,buyer,7,18,10,2021-09-24T13:51:35Z,10,Rounds 1-10
44211,28,0.09,17,11,tax,seller,4,17.5,10,2021-09-24T13:53:32Z,1,Rounds 11-20
44211,22,0.17,17,12,tax,seller,5,16,10,2021-09-24T13:55:46Z,2,Rounds 11-20
44211,22,0.14,17,13,tax,seller,6,16.5,10,2021-09-24T13:57:41Z,3,Rounds 11-20
44211,22,0.14,17,14,tax,seller,6,16,10,2021-09-24T13:59:53Z,4,Rounds 11-20
44211,22,0.16,17,15,tax,seller,7,16,10,2021-09-24T14:01:40Z,5,Rounds 11-20
44211,22,0.11,17,16,tax,seller,5,16,10,2021-09-24T14:03:40Z,6,Rounds 11-20
44211,22,0.14,17,17,tax,seller,6,16,10,2021-09-24T14:05:39Z,7,Rounds 11-20
44211,22,0.18,17,18,tax,seller,8,16,10,2021-09-24T14:07:48Z,8,Rounds 11-20
44211,22,0.16,17,19,tax,seller,7,16,10,2021-09-24T14:09:24Z,9,Rounds 11-20
44211,22,0.14,17,20,tax,seller,6,16,10,2021-09-24T14:11:41Z,10,Rounds 11-20
45844,9,-2.1,11,1,notax,buyer,7,13,0,2021-09-24T13:30:31Z,1,Rounds 1-10
45844,11,-2.4,11,2,notax,buyer,8,12.5,0,2021-09-24T13:36:26Z,2,Rounds 1-10
45844,10,-2.4,11,3,notax,buyer,8,12,0,2021-09-24T13:38:04Z,3,Rounds 1-10
45844,10.5,-3.3,11,4,notax,buyer,11,12,0,2021-09-24T13:40:10Z,4,Rounds 1-10
45844,12,-4.3,11,5,notax,buyer,11,12,0,2021-09-24T13:41:41Z,5,Rounds 1-10
45844,10,-2.4,11,6,notax,buyer,8,12,0,2021-09-24T13:43:40Z,6,Rounds 1-10
45844,10.5,-3,11,7,notax,buyer,10,12,0,2021-09-24T13:45:50Z,7,Rounds 1-10
45844,11,-2.7,11,8,notax,buyer,9,12,0,2021-09-24T13:47:38Z,8,Rounds 1-10
45844,11.01,-3,11,9,notax,buyer,10,12,0,2021-09-24T13:49:46Z,9,Rounds 1-10
45844,11,-2.4,11,10,notax,buyer,8,12,0,2021-09-24T13:51:59Z,10,Rounds 1-10
45844,21,0.09,11,11,tax,seller,4,17.5,10,2021-09-24T13:53:42Z,1,Rounds 11-20
45844,21,0.14,11,12,tax,seller,6,16,10,2021-09-24T13:56:10Z,2,Rounds 11-20
45844,20,0.14,11,13,tax,seller,6,16.5,10,2021-09-24T13:58:08Z,3,Rounds 11-20
45844,21,0.14,11,14,tax,seller,6,16,10,2021-09-24T13:59:48Z,4,Rounds 11-20
45844,21,0.16,11,15,tax,seller,7,16,10,2021-09-24T14:02:12Z,5,Rounds 11-20
45844,16,-4.89,11,16,tax,seller,5,16,10,2021-09-24T14:03:50Z,6,Rounds 11-20
45844,21,0.14,11,17,tax,seller,6,16,10,2021-09-24T14:05:42Z,7,Rounds 11-20
45844,22,0.18,11,18,tax,seller,8,16,10,2021-09-24T14:07:52Z,8,Rounds 11-20
45844,23,0.16,11,19,tax,seller,7,16,10,2021-09-24T14:09:34Z,9,Rounds 11-20
45844,22,0.14,11,20,tax,seller,6,16,10,2021-09-24T14:11:38Z,10,Rounds 11-20
46947,17,0.63,7,1,tax,seller,4,17.5,10,2021-09-24T13:30:25Z,1,Rounds 1-10
46947,20,0.13,7,2,tax,seller,4,18,10,2021-09-24T13:36:07Z,2,Rounds 1-10
46947,18,1.18,7,3,tax,seller,4,18,10,2021-09-24T13:37:38Z,3,Rounds 1-10
46947,19,0.27,7,4,tax,seller,6,18,10,2021-09-24T13:39:30Z,4,Rounds 1-10
46947,17,1.31,7,5,tax,seller,7,18,10,2021-09-24T13:41:45Z,5,Rounds 1-10
46947,18,1.29,7,6,tax,seller,5,18,10,2021-09-24T13:44:03Z,6,Rounds 1-10
46947,18,1.29,7,7,tax,seller,5,18,10,2021-09-24T13:45:30Z,7,Rounds 1-10
46947,18,1.34,7,8,tax,seller,6,18,10,2021-09-24T13:47:36Z,8,Rounds 1-10
46947,18,1.29,7,9,tax,seller,5,18,10,2021-09-24T13:49:33Z,9,Rounds 1-10
46947,19,0.4,7,10,tax,seller,7,18,10,2021-09-24T13:51:54Z,10,Rounds 1-10
46947,21,0.09,11,11,tax,seller,4,17.5,10,2021-09-24T13:53:54Z,1,Rounds 11-20
46947,18,0.17,11,12,tax,seller,5,16,10,2021-09-24T13:55:46Z,2,Rounds 11-20
46947,17,0.14,11,13,tax,seller,6,16.5,10,2021-09-24T13:57:35Z,3,Rounds 11-20
46947,16,-4.86,11,14,tax,seller,6,16,10,2021-09-24T13:59:35Z,4,Rounds 11-20
46947,16,-4.84,11,15,tax,seller,7,16,10,2021-09-24T14:02:17Z,5,Rounds 11-20
46947,16,-4.89,11,16,tax,seller,5,16,10,2021-09-24T14:03:31Z,6,Rounds 11-20
46947,16,-4.86,11,17,tax,seller,6,16,10,2021-09-24T14:07:04Z,7,Rounds 11-20
46947,16,-4.82,11,18,tax,seller,8,16,10,2021-09-24T14:07:35Z,8,Rounds 11-20
46947,16,-4.84,11,19,tax,seller,7,16,10,2021-09-24T14:09:28Z,9,Rounds 11-20
46947,16,-4.86,11,20,tax,seller,6,16,10,2021-09-24T14:11:29Z,10,Rounds 11-20
47162,10,0.13,10,1,tax,buyer,4,17.5,10,2021-09-24T13:32:39Z,1,Rounds 1-10
47162,15,0.13,10,2,tax,buyer,4,18,10,2021-09-24T13:36:39Z,2,Rounds 1-10
47162,11,0.13,10,3,tax,buyer,4,18,10,2021-09-24T13:38:44Z,3,Rounds 1-10
50740,7,-2.1,15,1,notax,buyer,7,13,0,2021-09-24T13:31:42Z,1,Rounds 1-10
50740,10,-2.4,15,2,notax,buyer,8,12.5,0,2021-09-24T13:36:36Z,2,Rounds 1-10
50740,14,0.6,15,3,notax,buyer,8,12,0,2021-09-24T13:38:28Z,3,Rounds 1-10
50740,12,-0.3,15,4,notax,buyer,11,12,0,2021-09-24T13:40:16Z,4,Rounds 1-10
50740,12,-0.3,15,5,notax,buyer,11,12,0,2021-09-24T13:42:28Z,5,Rounds 1-10
50740,10,-2.4,15,6,notax,buyer,8,12,0,2021-09-24T13:43:52Z,6,Rounds 1-10
50740,13,0,15,7,notax,buyer,10,12,0,2021-09-24T13:45:50Z,7,Rounds 1-10
50740,14,0.3,15,8,notax,buyer,9,12,0,2021-09-24T13:47:45Z,8,Rounds 1-10
50740,15,0,15,9,notax,buyer,10,12,0,2021-09-24T13:49:57Z,9,Rounds 1-10
50740,14,0.6,15,10,notax,buyer,8,12,0,2021-09-24T13:51:46Z,10,Rounds 1-10
50740,20,10.59,28,11,tax,buyer,4,17.5,10,2021-09-24T13:54:01Z,1,Rounds 11-20
50740,21,12.17,28,12,tax,buyer,5,16,10,2021-09-24T13:56:26Z,2,Rounds 11-20
50740,22,11.64,28,13,tax,buyer,6,16.5,10,2021-09-24T13:57:50Z,3,Rounds 11-20
50740,20,12.14,28,14,tax,buyer,6,16,10,2021-09-24T13:59:29Z,4,Rounds 11-20
50740,17,12.16,28,15,tax,buyer,7,16,10,2021-09-24T14:01:45Z,5,Rounds 11-20
50740,17,12.11,28,16,tax,buyer,5,16,10,2021-09-24T14:03:54Z,6,Rounds 11-20
50740,17,12.14,28,17,tax,buyer,6,16,10,2021-09-24T14:05:53Z,7,Rounds 11-20
50740,17,12.18,28,18,tax,buyer,8,16,10,2021-09-24T14:07:50Z,8,Rounds 11-20
50740,17,12.16,28,19,tax,buyer,7,16,10,2021-09-24T14:09:43Z,9,Rounds 11-20
50740,17,12.14,28,20,tax,buyer,6,16,10,2021-09-24T14:11:40Z,10,Rounds 11-20
51161,18,0.63,18,1,tax,buyer,4,17.5,10,2021-09-24T13:30:55Z,1,Rounds 1-10
51161,18,0.13,18,2,tax,buyer,4,18,10,2021-09-24T13:36:21Z,2,Rounds 1-10
51161,18,0.13,18,3,tax,buyer,4,18,10,2021-09-24T13:37:34Z,3,Rounds 1-10
51161,18,0.27,18,4,tax,buyer,6,18,10,2021-09-24T13:39:55Z,4,Rounds 1-10
51161,18,0.31,18,5,tax,buyer,7,18,10,2021-09-24T13:41:45Z,5,Rounds 1-10
51161,18,0.29,18,6,tax,buyer,5,18,10,2021-09-24T13:44:04Z,6,Rounds 1-10
51161,18,0.29,18,7,tax,buyer,5,18,10,2021-09-24T13:45:52Z,7,Rounds 1-10
51161,18,0.34,18,8,tax,buyer,6,18,10,2021-09-24T13:47:51Z,8,Rounds 1-10
51161,18,0.29,18,9,tax,buyer,5,18,10,2021-09-24T13:50:22Z,9,Rounds 1-10
51161,18.1,0.4,18,10,tax,buyer,7,18,10,2021-09-24T13:52:03Z,10,Rounds 1-10
51161,18,0.09,3,11,tax,seller,4,17.5,10,2021-09-24T13:54:06Z,1,Rounds 11-20
51161,15,3.17,3,12,tax,seller,5,16,10,2021-09-24T13:56:36Z,2,Rounds 11-20
51161,16,3.64,3,13,tax,seller,6,16.5,10,2021-09-24T13:57:35Z,3,Rounds 11-20
51161,16,3.14,3,14,tax,seller,6,16,10,2021-09-24T14:00:23Z,4,Rounds 11-20
51161,16,3.16,3,15,tax,seller,7,16,10,2021-09-24T14:02:09Z,5,Rounds 11-20
51161,16,3.11,3,16,tax,seller,5,16,10,2021-09-24T14:04:07Z,6,Rounds 11-20
51161,16,3.14,3,17,tax,seller,6,16,10,2021-09-24T14:05:33Z,7,Rounds 11-20
51161,16,3.18,3,18,tax,seller,8,16,10,2021-09-24T14:07:38Z,8,Rounds 11-20
51161,16,3.16,3,19,tax,seller,7,16,10,2021-09-24T14:09:42Z,9,Rounds 11-20
51161,15.5,3.14,3,20,tax,seller,6,16,10,2021-09-24T14:11:49Z,10,Rounds 11-20
51777,30,-2.1,16,1,notax,seller,7,13,0,2021-09-24T13:30:37Z,1,Rounds 1-10
51777,30,-2.7,16,2,notax,seller,9,12.5,0,2021-09-24T13:36:31Z,2,Rounds 1-10
51777,18,-2.4,16,3,notax,seller,8,12,0,2021-09-24T13:38:13Z,3,Rounds 1-10
51777,20,-3.3,16,4,notax,seller,11,12,0,2021-09-24T13:39:55Z,4,Rounds 1-10
51777,12,-7.3,16,5,notax,seller,11,12,0,2021-09-24T13:41:56Z,5,Rounds 1-10
51777,19,-2.4,16,6,notax,seller,8,12,0,2021-09-24T13:44:05Z,6,Rounds 1-10
51777,19,-3,16,7,notax,seller,10,12,0,2021-09-24T13:46:17Z,7,Rounds 1-10
51777,16,-2.7,16,8,notax,seller,9,12,0,2021-09-24T13:48:16Z,8,Rounds 1-10
51777,13,-3,16,9,notax,seller,10,12,0,2021-09-24T13:49:38Z,9,Rounds 1-10
51777,12,-6.4,16,10,notax,seller,8,12,0,2021-09-24T13:51:48Z,10,Rounds 1-10
51777,13,0.09,18,11,tax,buyer,4,17.5,10,2021-09-24T13:54:04Z,1,Rounds 11-20
51777,16,2.14,18,12,tax,buyer,6,16,10,2021-09-24T13:56:13Z,2,Rounds 11-20
51777,16,0.14,18,13,tax,buyer,6,16.5,10,2021-09-24T13:57:42Z,3,Rounds 11-20
51777,15,0.14,18,14,tax,buyer,6,16,10,2021-09-24T13:59:41Z,4,Rounds 11-20
51777,13,0.16,18,15,tax,buyer,7,16,10,2021-09-24T14:01:48Z,5,Rounds 11-20
51777,15,0.11,18,16,tax,buyer,5,16,10,2021-09-24T14:03:44Z,6,Rounds 11-20
51777,16,2.14,18,17,tax,buyer,6,16,10,2021-09-24T14:05:34Z,7,Rounds 11-20
51777,16,2.18,18,18,tax,buyer,8,16,10,2021-09-24T14:08:04Z,8,Rounds 11-20
51777,18,2.16,18,19,tax,buyer,7,16,10,2021-09-24T14:09:54Z,9,Rounds 11-20
51777,18,2.14,18,20,tax,buyer,6,16,10,2021-09-24T14:11:32Z,10,Rounds 11-20
53715,20,-2.1,18,1,notax,seller,7,13,0,2021-09-24T13:30:55Z,1,Rounds 1-10
53715,22,-2.4,18,2,notax,seller,8,12.5,0,2021-09-24T13:36:10Z,2,Rounds 1-10
53715,14,-2.4,18,3,notax,seller,8,12,0,2021-09-24T13:38:13Z,3,Rounds 1-10
53715,18,-3.3,18,4,notax,seller,11,12,0,2021-09-24T13:39:51Z,4,Rounds 1-10
53715,23,-3.3,18,5,notax,seller,11,12,0,2021-09-24T13:42:03Z,5,Rounds 1-10
53715,22,-2.4,18,6,notax,seller,8,12,0,2021-09-24T13:43:52Z,6,Rounds 1-10
53715,23,-3,18,7,notax,seller,10,12,0,2021-09-24T13:45:48Z,7,Rounds 1-10
53715,24,-2.7,18,8,notax,seller,9,12,0,2021-09-24T13:47:34Z,8,Rounds 1-10
53715,13,-3,18,9,notax,seller,10,12,0,2021-09-24T13:49:48Z,9,Rounds 1-10
53715,19,-2.4,18,10,notax,seller,8,12,0,2021-09-24T13:52:02Z,10,Rounds 1-10
53715,20,0.09,7,11,tax,seller,4,17.5,10,2021-09-24T13:53:53Z,1,Rounds 11-20
53715,23,0.17,7,12,tax,seller,5,16,10,2021-09-24T13:55:38Z,2,Rounds 11-20
53715,20,0.14,7,13,tax,seller,6,16.5,10,2021-09-24T13:57:43Z,3,Rounds 11-20
53715,17,0.14,7,14,tax,seller,6,16,10,2021-09-24T13:59:50Z,4,Rounds 11-20
53715,21,0.16,7,15,tax,seller,7,16,10,2021-09-24T14:01:50Z,5,Rounds 11-20
53715,20,0.11,7,16,tax,seller,5,16,10,2021-09-24T14:03:33Z,6,Rounds 11-20
53715,23,0.14,7,17,tax,seller,6,16,10,2021-09-24T14:05:44Z,7,Rounds 11-20
53715,16,-0.82,7,18,tax,seller,8,16,10,2021-09-24T14:07:41Z,8,Rounds 11-20
53715,16,-0.84,7,19,tax,seller,7,16,10,2021-09-24T14:09:39Z,9,Rounds 11-20
53715,16,-0.86,7,20,tax,seller,6,16,10,2021-09-24T14:11:34Z,10,Rounds 11-20
53784,30,0.13,13,1,tax,seller,4,17.5,10,2021-09-24T13:31:59Z,1,Rounds 1-10
53784,30,0.13,13,2,tax,seller,4,18,10,2021-09-24T13:36:34Z,2,Rounds 1-10
53784,26,0.18,13,3,tax,seller,4,18,10,2021-09-24T13:38:03Z,3,Rounds 1-10
53784,18,-4.73,13,4,tax,seller,6,18,10,2021-09-24T13:39:40Z,4,Rounds 1-10
53784,18,-4.69,13,5,tax,seller,7,18,10,2021-09-24T13:41:50Z,5,Rounds 1-10
53784,28,0.29,13,6,tax,seller,5,18,10,2021-09-24T13:44:22Z,6,Rounds 1-10
53784,27,0.29,13,7,tax,seller,5,18,10,2021-09-24T13:45:44Z,7,Rounds 1-10
53784,30,0.34,13,8,tax,seller,6,18,10,2021-09-24T13:47:46Z,8,Rounds 1-10
53784,28,0.29,13,9,tax,seller,5,18,10,2021-09-24T13:50:14Z,9,Rounds 1-10
53784,18,-4.6,13,10,tax,seller,7,18,10,2021-09-24T13:51:46Z,10,Rounds 1-10
53784,40,0.09,19,11,tax,seller,4,17.5,10,2021-09-24T13:54:10Z,1,Rounds 11-20
53784,40,0.14,19,12,tax,seller,6,16,10,2021-09-24T13:55:39Z,2,Rounds 11-20
53784,40,0.14,19,13,tax,seller,6,16.5,10,2021-09-24T13:57:57Z,3,Rounds 11-20
53784,40,0.14,19,14,tax,seller,6,16,10,2021-09-24T13:59:42Z,4,Rounds 11-20
53784,36,0.16,19,15,tax,seller,7,16,10,2021-09-24T14:02:10Z,5,Rounds 11-20
53784,32,0.11,19,16,tax,seller,5,16,10,2021-09-24T14:03:52Z,6,Rounds 11-20
53784,26,0.14,19,17,tax,seller,6,16,10,2021-09-24T14:05:57Z,7,Rounds 11-20
53784,26,0.18,19,18,tax,seller,8,16,10,2021-09-24T14:07:30Z,8,Rounds 11-20
53784,38,0.16,19,19,tax,seller,7,16,10,2021-09-24T14:09:34Z,9,Rounds 11-20
53784,24,0.14,19,20,tax,seller,6,16,10,2021-09-24T14:11:24Z,10,Rounds 11-20
55393,22,0.13,9,1,tax,seller,4,17.5,10,2021-09-24T13:30:33Z,1,Rounds 1-10
55393,20,0.13,9,2,tax,seller,4,18,10,2021-09-24T13:35:40Z,2,Rounds 1-10
55393,19,0.13,9,3,tax,seller,4,18,10,2021-09-24T13:38:15Z,3,Rounds 1-10
55393,19,0.27,9,4,tax,seller,6,18,10,2021-09-24T13:40:06Z,4,Rounds 1-10
55393,19,0.31,9,5,tax,seller,7,18,10,2021-09-24T13:41:56Z,5,Rounds 1-10
55393,19,0.29,9,6,tax,seller,5,18,10,2021-09-24T13:44:11Z,6,Rounds 1-10
55393,19,0.29,9,7,tax,seller,5,18,10,2021-09-24T13:46:36Z,7,Rounds 1-10
55393,19,0.34,9,8,tax,seller,6,18,10,2021-09-24T13:47:23Z,8,Rounds 1-10
55393,19,0.29,9,9,tax,seller,5,18,10,2021-09-24T13:50:07Z,9,Rounds 1-10
55393,19,0.4,9,10,tax,seller,7,18,10,2021-09-24T13:51:44Z,10,Rounds 1-10
55393,19,0.59,18,11,tax,buyer,4,17.5,10,2021-09-24T13:53:39Z,1,Rounds 11-20
55393,19,2.14,18,12,tax,buyer,6,16,10,2021-09-24T13:55:53Z,2,Rounds 11-20
55393,18,1.64,18,13,tax,buyer,6,16.5,10,2021-09-24T13:58:15Z,3,Rounds 11-20
55393,17,2.14,18,14,tax,buyer,6,16,10,2021-09-24T14:00:17Z,4,Rounds 11-20
55393,16,2.16,18,15,tax,buyer,7,16,10,2021-09-24T14:02:03Z,5,Rounds 11-20
55393,16,2.11,18,16,tax,buyer,5,16,10,2021-09-24T14:03:43Z,6,Rounds 11-20
55393,16,2.14,18,17,tax,buyer,6,16,10,2021-09-24T14:05:28Z,7,Rounds 11-20
55393,16,2.18,18,18,tax,buyer,8,16,10,2021-09-24T14:08:05Z,8,Rounds 11-20
55393,16,2.16,18,19,tax,buyer,7,16,10,2021-09-24T14:09:43Z,9,Rounds 11-20
55393,16,2.14,18,20,tax,buyer,6,16,10,2021-09-24T14:11:32Z,10,Rounds 11-20
55511,16,-2.1,12,1,notax,seller,7,13,0,2021-09-24T13:30:59Z,1,Rounds 1-10
55511,13,-2.7,12,2,notax,seller,9,12.5,0,2021-09-24T13:36:23Z,2,Rounds 1-10
55511,13,-2.4,12,3,notax,seller,8,12,0,2021-09-24T13:38:06Z,3,Rounds 1-10
55511,12,-3.3,12,4,notax,seller,11,12,0,2021-09-24T13:40:10Z,4,Rounds 1-10
55511,13,-3.3,12,5,notax,seller,11,12,0,2021-09-24T13:41:42Z,5,Rounds 1-10
55511,12,-2.4,12,6,notax,seller,8,12,0,2021-09-24T13:44:00Z,6,Rounds 1-10
55511,12,-3,12,7,notax,seller,10,12,0,2021-09-24T13:46:12Z,7,Rounds 1-10
55511,12,-2.7,12,8,notax,seller,9,12,0,2021-09-24T13:48:51Z,8,Rounds 1-10
55511,12,-3,12,9,notax,seller,10,12,0,2021-09-24T13:49:26Z,9,Rounds 1-10
55511,12,-2.4,12,10,notax,seller,8,12,0,2021-09-24T13:51:48Z,10,Rounds 1-10
55511,14,-1.41,9,11,tax,seller,4,17.5,10,2021-09-24T13:53:43Z,1,Rounds 11-20
55511,16,-2.86,9,12,tax,seller,6,16,10,2021-09-24T13:56:31Z,2,Rounds 11-20
55511,20,0.14,9,13,tax,seller,6,16.5,10,2021-09-24T13:57:55Z,3,Rounds 11-20
55511,20,0.14,9,14,tax,seller,6,16,10,2021-09-24T13:59:35Z,4,Rounds 11-20
55511,20,0.16,9,15,tax,seller,7,16,10,2021-09-24T14:01:26Z,5,Rounds 11-20
55511,20,0.11,9,16,tax,seller,5,16,10,2021-09-24T14:04:03Z,6,Rounds 11-20
55511,19,0.14,9,17,tax,seller,6,16,10,2021-09-24T14:05:38Z,7,Rounds 11-20
55511,19,0.18,9,18,tax,seller,8,16,10,2021-09-24T14:07:33Z,8,Rounds 11-20
55511,19,0.16,9,19,tax,seller,7,16,10,2021-09-24T14:09:43Z,9,Rounds 11-20
55511,20,0.14,9,20,tax,seller,6,16,10,2021-09-24T14:11:29Z,10,Rounds 11-20
56259,17,-3.37,11,1,tax,seller,4,17.5,10,2021-09-24T13:31:09Z,1,Rounds 1-10
56259,18,-2.87,11,2,tax,seller,4,18,10,2021-09-24T13:36:37Z,2,Rounds 1-10
56259,19,0.13,11,3,tax,seller,4,18,10,2021-09-24T13:37:49Z,3,Rounds 1-10
56259,19,0.27,11,4,tax,seller,6,18,10,2021-09-24T13:40:28Z,4,Rounds 1-10
56259,19,0.31,11,5,tax,seller,7,18,10,2021-09-24T13:41:55Z,5,Rounds 1-10
56259,19,0.29,11,6,tax,seller,5,18,10,2021-09-24T13:43:53Z,6,Rounds 1-10
56259,20,0.29,11,7,tax,seller,5,18,10,2021-09-24T13:45:52Z,7,Rounds 1-10
56259,20,0.34,11,8,tax,seller,6,18,10,2021-09-24T13:47:39Z,8,Rounds 1-10
56259,20,0.29,11,9,tax,seller,5,18,10,2021-09-24T13:49:55Z,9,Rounds 1-10
56259,20,0.4,11,10,tax,seller,7,18,10,2021-09-24T13:51:37Z,10,Rounds 1-10
56259,20,-1.5,10,11,notax,seller,5,15,0,2021-09-24T13:53:32Z,1,Rounds 11-20
56259,22,-2.4,10,12,notax,seller,8,15,0,2021-09-24T13:55:48Z,2,Rounds 11-20
56259,17,-2.4,10,13,notax,seller,8,15,0,2021-09-24T13:57:46Z,3,Rounds 11-20
56259,14,2.3,10,14,notax,seller,9,15,0,2021-09-24T14:00:06Z,4,Rounds 11-20
56259,14,2.6,10,15,notax,seller,8,15,0,2021-09-24T14:01:38Z,5,Rounds 11-20
56259,14,2,10,16,notax,seller,10,15,0,2021-09-24T14:04:00Z,6,Rounds 11-20
56259,14,2,10,17,notax,seller,10,15,0,2021-09-24T14:05:55Z,7,Rounds 11-20
56259,14,2,10,18,notax,seller,10,15,0,2021-09-24T14:07:29Z,8,Rounds 11-20
56259,14,2.3,10,19,notax,seller,9,15,0,2021-09-24T14:09:46Z,9,Rounds 11-20
56259,14,1.7,10,20,notax,seller,11,15,0,2021-09-24T14:11:28Z,10,Rounds 11-20
56298,10,-2.1,15,1,notax,buyer,7,13,0,2021-09-24T13:30:59Z,1,Rounds 1-10
56298,11,-2.7,15,2,notax,buyer,9,12.5,0,2021-09-24T13:36:08Z,2,Rounds 1-10
56298,10,-2.4,15,3,notax,buyer,8,12,0,2021-09-24T13:38:18Z,3,Rounds 1-10
56298,13,-0.3,15,4,notax,buyer,11,12,0,2021-09-24T13:40:10Z,4,Rounds 1-10
56298,14,-0.3,15,5,notax,buyer,11,12,0,2021-09-24T13:41:35Z,5,Rounds 1-10
56298,16,0.6,15,6,notax,buyer,8,12,0,2021-09-24T13:43:33Z,6,Rounds 1-10
56298,17,0,15,7,notax,buyer,10,12,0,2021-09-24T13:45:40Z,7,Rounds 1-10
56298,16,0.3,15,8,notax,buyer,9,12,0,2021-09-24T13:48:01Z,8,Rounds 1-10
56298,16,0,15,9,notax,buyer,10,12,0,2021-09-24T13:49:35Z,9,Rounds 1-10
56298,17,0.6,15,10,notax,buyer,8,12,0,2021-09-24T13:51:50Z,10,Rounds 1-10
56298,17,-1.5,15,11,notax,buyer,5,15,0,2021-09-24T13:53:42Z,1,Rounds 11-20
56298,19,-2.4,15,12,notax,buyer,8,15,0,2021-09-24T13:56:00Z,2,Rounds 11-20
56298,16,-2.4,15,13,notax,buyer,8,15,0,2021-09-24T13:57:57Z,3,Rounds 11-20
56298,18,-2.7,15,14,notax,buyer,9,15,0,2021-09-24T13:59:36Z,4,Rounds 11-20
56298,14,-2.4,15,15,notax,buyer,8,15,0,2021-09-24T14:01:52Z,5,Rounds 11-20
56298,16,-3,15,16,notax,buyer,10,15,0,2021-09-24T14:04:22Z,6,Rounds 11-20
56298,10,-3,15,17,notax,buyer,10,15,0,2021-09-24T14:06:14Z,7,Rounds 11-20
56298,12,-3,15,18,notax,buyer,10,15,0,2021-09-24T14:07:48Z,8,Rounds 11-20
56298,16,-2.7,15,19,notax,buyer,9,15,0,2021-09-24T14:10:21Z,9,Rounds 11-20
56298,18,-3.3,15,20,notax,buyer,11,15,0,2021-09-24T14:11:45Z,10,Rounds 11-20
56920,8,8.9,2,1,notax,seller,7,13,0,2021-09-24T13:32:06Z,1,Rounds 1-10
56920,10,8.1,2,2,notax,seller,8,12.5,0,2021-09-24T13:36:06Z,2,Rounds 1-10
56920,11,7.6,2,3,notax,seller,8,12,0,2021-09-24T13:37:37Z,3,Rounds 1-10
56920,9,6.7,2,4,notax,seller,11,12,0,2021-09-24T13:39:28Z,4,Rounds 1-10
56920,10,6.7,2,5,notax,seller,11,12,0,2021-09-24T13:42:07Z,5,Rounds 1-10
56920,8,7.6,2,6,notax,seller,8,12,0,2021-09-24T13:43:51Z,6,Rounds 1-10
56920,11,7,2,7,notax,seller,10,12,0,2021-09-24T13:45:41Z,7,Rounds 1-10
56920,10.75,7.3,2,8,notax,seller,9,12,0,2021-09-24T13:47:38Z,8,Rounds 1-10
56920,9,7,2,9,notax,seller,10,12,0,2021-09-24T13:49:41Z,9,Rounds 1-10
56920,12,7.6,2,10,notax,seller,8,12,0,2021-09-24T13:51:49Z,10,Rounds 1-10
56920,20,-1.5,14,11,notax,seller,5,15,0,2021-09-24T13:53:46Z,1,Rounds 11-20
56920,14,-1.4,14,12,notax,seller,8,15,0,2021-09-24T13:55:30Z,2,Rounds 11-20
56920,17,-2.4,14,13,notax,seller,8,15,0,2021-09-24T13:57:38Z,3,Rounds 11-20
56920,16,-2.7,14,14,notax,seller,9,15,0,2021-09-24T13:59:39Z,4,Rounds 11-20
56920,15,-1.4,14,15,notax,seller,8,15,0,2021-09-24T14:01:36Z,5,Rounds 11-20
56920,15,-2,14,16,notax,seller,10,15,0,2021-09-24T14:03:37Z,6,Rounds 11-20
56920,15,-2,14,17,notax,seller,10,15,0,2021-09-24T14:05:28Z,7,Rounds 11-20
56920,15,-2,14,18,notax,seller,10,15,0,2021-09-24T14:07:40Z,8,Rounds 11-20
56920,15,-1.7,14,19,notax,seller,9,15,0,2021-09-24T14:09:27Z,9,Rounds 11-20
56920,15,-2.3,14,20,notax,seller,11,15,0,2021-09-24T14:11:36Z,10,Rounds 11-20
61101,20,-2.1,2,1,notax,seller,7,13,0,2021-09-24T13:30:38Z,1,Rounds 1-10
61101,11,7.8,2,2,notax,seller,9,12.5,0,2021-09-24T13:35:43Z,2,Rounds 1-10
61101,12,7.6,2,3,notax,seller,8,12,0,2021-09-24T13:37:37Z,3,Rounds 1-10
61101,12,6.7,2,4,notax,seller,11,12,0,2021-09-24T13:39:34Z,4,Rounds 1-10
61101,12,6.7,2,5,notax,seller,11,12,0,2021-09-24T13:41:53Z,5,Rounds 1-10
61101,12,7.6,2,6,notax,seller,8,12,0,2021-09-24T13:43:26Z,6,Rounds 1-10
61101,12,7,2,7,notax,seller,10,12,0,2021-09-24T13:45:27Z,7,Rounds 1-10
61101,12,7.3,2,8,notax,seller,9,12,0,2021-09-24T13:47:41Z,8,Rounds 1-10
61101,12,7,2,9,notax,seller,10,12,0,2021-09-24T13:49:38Z,9,Rounds 1-10
61101,12,7.6,2,10,notax,seller,8,12,0,2021-09-24T13:51:45Z,10,Rounds 1-10
61101,12,-1.5,19,11,notax,buyer,5,15,0,2021-09-24T13:53:29Z,1,Rounds 11-20
61101,12,-2.4,19,12,notax,buyer,8,15,0,2021-09-24T13:55:41Z,2,Rounds 11-20
61101,19,1.6,19,13,notax,buyer,8,15,0,2021-09-24T13:58:08Z,3,Rounds 11-20
61101,19,1.3,19,14,notax,buyer,9,15,0,2021-09-24T13:59:58Z,4,Rounds 11-20
61101,15,1.6,19,15,notax,buyer,8,15,0,2021-09-24T14:01:37Z,5,Rounds 11-20
61101,19,1,19,16,notax,buyer,10,15,0,2021-09-24T14:03:45Z,6,Rounds 11-20
61101,19,1,19,17,notax,buyer,10,15,0,2021-09-24T14:05:41Z,7,Rounds 11-20
61101,15,1,19,18,notax,buyer,10,15,0,2021-09-24T14:07:29Z,8,Rounds 11-20
61101,15,1.3,19,19,notax,buyer,9,15,0,2021-09-24T14:09:34Z,9,Rounds 11-20
61101,15,0.7,19,20,notax,buyer,11,15,0,2021-09-24T14:11:32Z,10,Rounds 11-20
62532,5,0.13,16,1,tax,buyer,4,17.5,10,2021-09-24T13:30:44Z,1,Rounds 1-10
62532,15,0.13,16,2,tax,buyer,4,18,10,2021-09-24T13:36:27Z,2,Rounds 1-10
62532,15,0.13,16,3,tax,buyer,4,18,10,2021-09-24T13:37:42Z,3,Rounds 1-10
62532,15,0.27,16,4,tax,buyer,6,18,10,2021-09-24T13:39:47Z,4,Rounds 1-10
62532,18,-1.69,16,5,tax,buyer,7,18,10,2021-09-24T13:41:45Z,5,Rounds 1-10
62532,13,0.29,16,6,tax,buyer,5,18,10,2021-09-24T13:43:55Z,6,Rounds 1-10
62532,15,0.29,16,7,tax,buyer,5,18,10,2021-09-24T13:45:55Z,7,Rounds 1-10
62532,15,0.34,16,8,tax,buyer,6,18,10,2021-09-24T13:48:01Z,8,Rounds 1-10
62532,13,0.29,16,9,tax,buyer,5,18,10,2021-09-24T13:49:45Z,9,Rounds 1-10
62532,16,0.4,16,10,tax,buyer,7,18,10,2021-09-24T13:51:50Z,10,Rounds 1-10
62532,20,-1.5,4,11,notax,seller,5,15,0,2021-09-24T13:54:18Z,1,Rounds 11-20
62532,14,8.6,4,12,notax,seller,8,15,0,2021-09-24T13:56:20Z,2,Rounds 11-20
62532,15,8.6,4,13,notax,seller,8,15,0,2021-09-24T13:57:51Z,3,Rounds 11-20
62532,15,8.3,4,14,notax,seller,9,15,0,2021-09-24T13:59:59Z,4,Rounds 11-20
62532,16,-2.4,4,15,notax,seller,8,15,0,2021-09-24T14:02:19Z,5,Rounds 11-20
62532,13,8,4,16,notax,seller,10,15,0,2021-09-24T14:04:13Z,6,Rounds 11-20
62532,15,8,4,17,notax,seller,10,15,0,2021-09-24T14:05:38Z,7,Rounds 11-20
62532,21,-3,4,18,notax,seller,10,15,0,2021-09-24T14:07:54Z,8,Rounds 11-20
62532,14,8.3,4,19,notax,seller,9,15,0,2021-09-24T14:09:38Z,9,Rounds 11-20
62532,15,7.7,4,20,notax,seller,11,15,0,2021-09-24T14:11:49Z,10,Rounds 11-20
63609,20,4.63,22,1,tax,buyer,4,17.5,10,2021-09-24T13:31:34Z,1,Rounds 1-10
63609,18,4.13,22,2,tax,buyer,4,18,10,2021-09-24T13:36:11Z,2,Rounds 1-10
63609,18,4.13,22,3,tax,buyer,4,18,10,2021-09-24T13:38:05Z,3,Rounds 1-10
63609,18,4.27,22,4,tax,buyer,6,18,10,2021-09-24T13:40:06Z,4,Rounds 1-10
63609,18,4.31,22,5,tax,buyer,7,18,10,2021-09-24T13:42:08Z,5,Rounds 1-10
63609,18,4.29,22,6,tax,buyer,5,18,10,2021-09-24T13:43:52Z,6,Rounds 1-10
63609,18,4.29,22,7,tax,buyer,5,18,10,2021-09-24T13:45:46Z,7,Rounds 1-10
63609,18,4.34,22,8,tax,buyer,6,18,10,2021-09-24T13:47:37Z,8,Rounds 1-10
63609,18,4.29,22,9,tax,buyer,5,18,10,2021-09-24T13:49:22Z,9,Rounds 1-10
63609,18,4.4,22,10,tax,buyer,7,18,10,2021-09-24T13:51:39Z,10,Rounds 1-10
63609,8,0.09,10,11,tax,buyer,4,17.5,10,2021-09-24T13:53:54Z,1,Rounds 11-20
63609,10,0.14,10,12,tax,buyer,6,16,10,2021-09-24T13:55:58Z,2,Rounds 11-20
63609,11,0.14,10,13,tax,buyer,6,16.5,10,2021-09-24T13:58:08Z,3,Rounds 11-20
63609,10.14,0.14,10,14,tax,buyer,6,16,10,2021-09-24T13:59:43Z,4,Rounds 11-20
63609,10.14,0.16,10,15,tax,buyer,7,16,10,2021-09-24T14:01:58Z,5,Rounds 11-20
63609,10.16,0.11,10,16,tax,buyer,5,16,10,2021-09-24T14:03:41Z,6,Rounds 11-20
63609,15,0.14,10,17,tax,buyer,6,16,10,2021-09-24T14:05:36Z,7,Rounds 11-20
63609,1,0.18,10,18,tax,buyer,8,16,10,2021-09-24T14:07:42Z,8,Rounds 11-20
63609,1,0.16,10,19,tax,buyer,7,16,10,2021-09-24T14:09:31Z,9,Rounds 11-20
63609,1,0.14,10,20,tax,buyer,6,16,10,2021-09-24T14:11:38Z,10,Rounds 11-20
64828,18,-2.1,16,1,notax,seller,7,13,0,2021-09-24T13:31:33Z,1,Rounds 1-10
64828,12,-6.2,16,2,notax,seller,9,12.5,0,2021-09-24T13:36:03Z,2,Rounds 1-10
64828,16,-2.4,16,3,notax,seller,8,12,0,2021-09-24T13:38:07Z,3,Rounds 1-10
64828,16,-3.3,16,4,notax,seller,11,12,0,2021-09-24T13:39:57Z,4,Rounds 1-10
64828,12,-7.3,16,5,notax,seller,11,12,0,2021-09-24T13:41:58Z,5,Rounds 1-10
64828,18,-2.4,16,6,notax,seller,8,12,0,2021-09-24T13:43:53Z,6,Rounds 1-10
64828,20,-3,16,7,notax,seller,10,12,0,2021-09-24T13:46:01Z,7,Rounds 1-10
64828,18,-2.7,16,8,notax,seller,9,12,0,2021-09-24T13:48:26Z,8,Rounds 1-10
64828,18,-3,16,9,notax,seller,10,12,0,2021-09-24T13:50:02Z,9,Rounds 1-10
64828,16,-2.4,16,10,notax,seller,8,12,0,2021-09-24T13:51:59Z,10,Rounds 1-10
64828,8,7.5,6,11,notax,seller,5,15,0,2021-09-24T13:53:45Z,1,Rounds 11-20
64828,14,6.6,6,12,notax,seller,8,15,0,2021-09-24T13:56:03Z,2,Rounds 11-20
64828,15,6.6,6,13,notax,seller,8,15,0,2021-09-24T13:57:35Z,3,Rounds 11-20
64828,15,6.3,6,14,notax,seller,9,15,0,2021-09-24T13:59:40Z,4,Rounds 11-20
64828,15,6.6,6,15,notax,seller,8,15,0,2021-09-24T14:02:09Z,5,Rounds 11-20
64828,16,-3,6,16,notax,seller,10,15,0,2021-09-24T14:03:58Z,6,Rounds 11-20
64828,16,-3,6,17,notax,seller,10,15,0,2021-09-24T14:05:41Z,7,Rounds 11-20
64828,15,6,6,18,notax,seller,10,15,0,2021-09-24T14:08:01Z,8,Rounds 11-20
64828,15,6.3,6,19,notax,seller,9,15,0,2021-09-24T14:09:27Z,9,Rounds 11-20
64828,15,5.7,6,20,notax,seller,11,15,0,2021-09-24T14:11:25Z,10,Rounds 11-20
65423,9,-3.1,14,1,notax,seller,7,13,0,2021-09-24T13:32:31Z,1,Rounds 1-10
65423,13,-2.7,14,2,notax,seller,9,12.5,0,2021-09-24T13:35:39Z,2,Rounds 1-10
65423,12,-4.4,14,3,notax,seller,8,12,0,2021-09-24T13:37:32Z,3,Rounds 1-10
65423,11.5,-5.3,14,4,notax,seller,11,12,0,2021-09-24T13:39:31Z,4,Rounds 1-10
65423,20,-3.3,14,5,notax,seller,11,12,0,2021-09-24T13:42:02Z,5,Rounds 1-10
65423,12,-4.4,14,6,notax,seller,8,12,0,2021-09-24T13:43:33Z,6,Rounds 1-10
65423,15,-3,14,7,notax,seller,10,12,0,2021-09-24T13:45:51Z,7,Rounds 1-10
65423,12,-4.7,14,8,notax,seller,9,12,0,2021-09-24T13:47:48Z,8,Rounds 1-10
65423,10,-5,14,9,notax,seller,10,12,0,2021-09-24T13:49:36Z,9,Rounds 1-10
65423,11.2,-4.4,14,10,notax,seller,8,12,0,2021-09-24T13:51:41Z,10,Rounds 1-10
65423,10,0.09,22,11,tax,buyer,4,17.5,10,2021-09-24T13:53:34Z,1,Rounds 11-20
65423,12.69,0.17,22,12,tax,buyer,5,16,10,2021-09-24T13:56:15Z,2,Rounds 11-20
65423,14.2,0.14,22,13,tax,buyer,6,16.5,10,2021-09-24T13:57:44Z,3,Rounds 11-20
65423,2,0.14,22,14,tax,buyer,6,16,10,2021-09-24T13:59:59Z,4,Rounds 11-20
65423,11.69,0.16,22,15,tax,buyer,7,16,10,2021-09-24T14:01:52Z,5,Rounds 11-20
65423,14,0.11,22,16,tax,buyer,5,16,10,2021-09-24T14:03:29Z,6,Rounds 11-20
65423,12,0.14,22,17,tax,buyer,6,16,10,2021-09-24T14:05:36Z,7,Rounds 11-20
65423,10,0.18,22,18,tax,buyer,8,16,10,2021-09-24T14:07:39Z,8,Rounds 11-20
65423,2,0.16,22,19,tax,buyer,7,16,10,2021-09-24T14:09:30Z,9,Rounds 11-20
65423,2,0.14,22,20,tax,buyer,6,16,10,2021-09-24T14:11:37Z,10,Rounds 11-20
66430,19,3.9,19,1,notax,buyer,7,13,0,2021-09-24T13:30:26Z,1,Rounds 1-10
66430,19,3.8,19,2,notax,buyer,9,12.5,0,2021-09-24T13:35:34Z,2,Rounds 1-10
66430,19,4.6,19,3,notax,buyer,8,12,0,2021-09-24T13:37:40Z,3,Rounds 1-10
66430,19,3.7,19,4,notax,buyer,11,12,0,2021-09-24T13:39:31Z,4,Rounds 1-10
66430,19,3.7,19,5,notax,buyer,11,12,0,2021-09-24T13:41:35Z,5,Rounds 1-10
66430,19,4.6,19,6,notax,buyer,8,12,0,2021-09-24T13:43:33Z,6,Rounds 1-10
66430,19,4,19,7,notax,buyer,10,12,0,2021-09-24T13:45:37Z,7,Rounds 1-10
66430,19,4.3,19,8,notax,buyer,9,12,0,2021-09-24T13:47:27Z,8,Rounds 1-10
66430,19,4,19,9,notax,buyer,10,12,0,2021-09-24T13:49:29Z,9,Rounds 1-10
66430,19,4.6,19,10,notax,buyer,8,12,0,2021-09-24T13:51:40Z,10,Rounds 1-10
66430,11,-1.5,11,11,notax,buyer,5,15,0,2021-09-24T13:53:37Z,1,Rounds 11-20
66430,11,-2.4,11,12,notax,buyer,8,15,0,2021-09-24T13:55:29Z,2,Rounds 11-20
66430,11,-2.4,11,13,notax,buyer,8,15,0,2021-09-24T13:57:53Z,3,Rounds 11-20
66430,11,-2.7,11,14,notax,buyer,9,15,0,2021-09-24T13:59:37Z,4,Rounds 11-20
66430,11,-2.4,11,15,notax,buyer,8,15,0,2021-09-24T14:01:30Z,5,Rounds 11-20
66430,11,-3,11,16,notax,buyer,10,15,0,2021-09-24T14:03:30Z,6,Rounds 11-20
66430,11,-3,11,17,notax,buyer,10,15,0,2021-09-24T14:05:34Z,7,Rounds 11-20
66430,11,-3,11,18,notax,buyer,10,15,0,2021-09-24T14:07:33Z,8,Rounds 11-20
66430,11,-2.7,11,19,notax,buyer,9,15,0,2021-09-24T14:09:25Z,9,Rounds 11-20
66430,11,-3.3,11,20,notax,buyer,11,15,0,2021-09-24T14:11:41Z,10,Rounds 11-20
66488,22,0.13,9,1,tax,seller,4,17.5,10,2021-09-24T13:32:15Z,1,Rounds 1-10
66488,22,0.13,9,2,tax,seller,4,18,10,2021-09-24T13:35:58Z,2,Rounds 1-10
66488,24,0.18,9,3,tax,seller,4,18,10,2021-09-24T13:37:47Z,3,Rounds 1-10
66488,19.5,0.27,9,4,tax,seller,6,18,10,2021-09-24T13:39:49Z,4,Rounds 1-10
66488,19.3,0.31,9,5,tax,seller,7,18,10,2021-09-24T13:41:45Z,5,Rounds 1-10
66488,17.9,-0.71,9,6,tax,seller,5,18,10,2021-09-24T13:43:53Z,6,Rounds 1-10
66488,19,0.29,9,7,tax,seller,5,18,10,2021-09-24T13:46:26Z,7,Rounds 1-10
66488,18.71,0.34,9,8,tax,seller,6,18,10,2021-09-24T13:47:56Z,8,Rounds 1-10
66488,18.37,0.29,9,9,tax,seller,5,18,10,2021-09-24T13:50:03Z,9,Rounds 1-10
66488,18,-0.6,9,10,tax,seller,7,18,10,2021-09-24T13:52:01Z,10,Rounds 1-10
66488,20,0.09,15,11,tax,seller,4,17.5,10,2021-09-24T13:53:55Z,1,Rounds 11-20
66488,20,0.14,15,12,tax,seller,6,16,10,2021-09-24T13:55:30Z,2,Rounds 11-20
66488,20,0.14,15,13,tax,seller,6,16.5,10,2021-09-24T13:57:52Z,3,Rounds 11-20
66488,20,0.14,15,14,tax,seller,6,16,10,2021-09-24T13:59:37Z,4,Rounds 11-20
66488,20,0.16,15,15,tax,seller,7,16,10,2021-09-24T14:01:37Z,5,Rounds 11-20
66488,20,0.11,15,16,tax,seller,5,16,10,2021-09-24T14:03:47Z,6,Rounds 11-20
66488,20,0.14,15,17,tax,seller,6,16,10,2021-09-24T14:05:30Z,7,Rounds 11-20
66488,20,0.18,15,18,tax,seller,8,16,10,2021-09-24T14:07:32Z,8,Rounds 11-20
66488,20,0.16,15,19,tax,seller,7,16,10,2021-09-24T14:09:28Z,9,Rounds 11-20
66488,20,0.14,15,20,tax,seller,6,16,10,2021-09-24T14:11:55Z,10,Rounds 11-20
66780,10,0.13,16,1,tax,buyer,4,17.5,10,2021-09-24T13:30:23Z,1,Rounds 1-10
66780,15,0.13,16,2,tax,buyer,4,18,10,2021-09-24T13:35:41Z,2,Rounds 1-10
66780,16,0.18,16,3,tax,buyer,4,18,10,2021-09-24T13:37:41Z,3,Rounds 1-10
66780,16,0.27,16,4,tax,buyer,6,18,10,2021-09-24T13:39:40Z,4,Rounds 1-10
66780,18,-1.69,16,5,tax,buyer,7,18,10,2021-09-24T13:41:42Z,5,Rounds 1-10
66780,18.5,-1.71,16,6,tax,buyer,5,18,10,2021-09-24T13:43:53Z,6,Rounds 1-10
66780,18.5,-1.71,16,7,tax,buyer,5,18,10,2021-09-24T13:45:54Z,7,Rounds 1-10
66780,18.5,-1.66,16,8,tax,buyer,6,18,10,2021-09-24T13:47:50Z,8,Rounds 1-10
66780,18,-1.71,16,9,tax,buyer,5,18,10,2021-09-24T13:49:37Z,9,Rounds 1-10
66780,18.4,-1.6,16,10,tax,buyer,7,18,10,2021-09-24T13:51:50Z,10,Rounds 1-10
66780,24,8.5,25,11,notax,buyer,5,15,0,2021-09-24T13:53:45Z,1,Rounds 11-20
66780,20,7.6,25,12,notax,buyer,8,15,0,2021-09-24T13:56:02Z,2,Rounds 11-20
66780,22,7.6,25,13,notax,buyer,8,15,0,2021-09-24T13:57:37Z,3,Rounds 11-20
66780,20,7.3,25,14,notax,buyer,9,15,0,2021-09-24T13:59:50Z,4,Rounds 11-20
66780,18,7.6,25,15,notax,buyer,8,15,0,2021-09-24T14:01:54Z,5,Rounds 11-20
66780,17,7,25,16,notax,buyer,10,15,0,2021-09-24T14:03:38Z,6,Rounds 11-20
66780,18,7,25,17,notax,buyer,10,15,0,2021-09-24T14:05:50Z,7,Rounds 11-20
66780,17,7,25,18,notax,buyer,10,15,0,2021-09-24T14:07:52Z,8,Rounds 11-20
66780,17,7.3,25,19,notax,buyer,9,15,0,2021-09-24T14:09:42Z,9,Rounds 11-20
66780,18,6.7,25,20,notax,buyer,11,15,0,2021-09-24T14:11:42Z,10,Rounds 11-20
68096,16,0.13,16,1,tax,buyer,4,17.5,10,2021-09-24T13:32:22Z,1,Rounds 1-10
68096,6,0.13,16,2,tax,buyer,4,18,10,2021-09-24T13:37:03Z,2,Rounds 1-10
68096,6,0.13,16,3,tax,buyer,4,18,10,2021-09-24T13:39:03Z,3,Rounds 1-10
68096,6,0.27,16,4,tax,buyer,6,18,10,2021-09-24T13:39:53Z,4,Rounds 1-10
68096,8,0.31,16,5,tax,buyer,7,18,10,2021-09-24T13:41:48Z,5,Rounds 1-10
68096,18,-1.71,16,6,tax,buyer,5,18,10,2021-09-24T13:44:51Z,6,Rounds 1-10
68096,8,0.29,16,7,tax,buyer,5,18,10,2021-09-24T13:45:48Z,7,Rounds 1-10
68096,18,-1.66,16,8,tax,buyer,6,18,10,2021-09-24T13:48:07Z,8,Rounds 1-10
68096,6,0.29,16,9,tax,buyer,5,18,10,2021-09-24T13:50:54Z,9,Rounds 1-10
68096,4,0.4,16,10,tax,buyer,7,18,10,2021-09-24T13:52:16Z,10,Rounds 1-10
68096,4,-1.5,29,11,notax,buyer,5,15,0,2021-09-24T13:53:42Z,1,Rounds 11-20
68096,16,11.6,29,12,notax,buyer,8,15,0,2021-09-24T13:56:48Z,2,Rounds 11-20
68096,15,11.6,29,13,notax,buyer,8,15,0,2021-09-24T13:58:35Z,3,Rounds 11-20
68096,15,11.3,29,14,notax,buyer,9,15,0,2021-09-24T14:00:01Z,4,Rounds 11-20
68096,15,11.6,29,15,notax,buyer,8,15,0,2021-09-24T14:02:34Z,5,Rounds 11-20
68096,15,11,29,16,notax,buyer,10,15,0,2021-09-24T14:04:10Z,6,Rounds 11-20
68096,15,11,29,17,notax,buyer,10,15,0,2021-09-24T14:06:36Z,7,Rounds 11-20
68096,15,11,29,18,notax,buyer,10,15,0,2021-09-24T14:07:45Z,8,Rounds 11-20
68096,14,-2.7,29,19,notax,buyer,9,15,0,2021-09-24T14:10:17Z,9,Rounds 11-20
68096,15,10.7,29,20,notax,buyer,11,15,0,2021-09-24T14:12:15Z,10,Rounds 11-20
68652,17,1.9,17,1,notax,buyer,7,13,0,2021-09-24T13:31:13Z,1,Rounds 1-10
68652,16,1.8,17,2,notax,buyer,9,12.5,0,2021-09-24T13:37:21Z,2,Rounds 1-10
68652,17,2.6,17,3,notax,buyer,8,12,0,2021-09-24T13:37:45Z,3,Rounds 1-10
68652,15,1.7,17,4,notax,buyer,11,12,0,2021-09-24T13:39:36Z,4,Rounds 1-10
68652,13,1.7,17,5,notax,buyer,11,12,0,2021-09-24T13:41:51Z,5,Rounds 1-10
68652,12,2.6,17,6,notax,buyer,8,12,0,2021-09-24T13:44:08Z,6,Rounds 1-10
68652,12,2,17,7,notax,buyer,10,12,0,2021-09-24T13:46:45Z,7,Rounds 1-10
68652,12,2.3,17,8,notax,buyer,9,12,0,2021-09-24T13:47:49Z,8,Rounds 1-10
68652,12,2,17,9,notax,buyer,10,12,0,2021-09-24T13:50:02Z,9,Rounds 1-10
68652,11.5,-2.4,17,10,notax,buyer,8,12,0,2021-09-24T13:51:52Z,10,Rounds 1-10
68652,12,2.59,5,11,tax,seller,4,17.5,10,2021-09-24T13:53:41Z,1,Rounds 11-20
68652,16,1.14,5,12,tax,seller,6,16,10,2021-09-24T13:56:04Z,2,Rounds 11-20
68652,12,1.64,5,13,tax,seller,6,16.5,10,2021-09-24T13:58:03Z,3,Rounds 11-20
68652,15,1.14,5,14,tax,seller,6,16,10,2021-09-24T14:00:06Z,4,Rounds 11-20
68652,16,1.16,5,15,tax,seller,7,16,10,2021-09-24T14:02:08Z,5,Rounds 11-20
68652,16.5,0.11,5,16,tax,seller,5,16,10,2021-09-24T14:03:37Z,6,Rounds 11-20
68652,15,1.14,5,17,tax,seller,6,16,10,2021-09-24T14:06:40Z,7,Rounds 11-20
68652,16,1.18,5,18,tax,seller,8,16,10,2021-09-24T14:07:56Z,8,Rounds 11-20
68652,16,1.16,5,19,tax,seller,7,16,10,2021-09-24T14:10:10Z,9,Rounds 11-20
68652,16,1.14,5,20,tax,seller,6,16,10,2021-09-24T14:11:57Z,10,Rounds 11-20
68719,30,0.13,13,1,tax,seller,4,17.5,10,2021-09-24T13:31:14Z,1,Rounds 1-10
68719,25,0.13,13,2,tax,seller,4,18,10,2021-09-24T13:36:11Z,2,Rounds 1-10
68719,24,0.13,13,3,tax,seller,4,18,10,2021-09-24T13:38:04Z,3,Rounds 1-10
68719,20,0.27,13,4,tax,seller,6,18,10,2021-09-24T13:39:52Z,4,Rounds 1-10
68719,25,0.31,13,5,tax,seller,7,18,10,2021-09-24T13:41:47Z,5,Rounds 1-10
68719,30,0.29,13,6,tax,seller,5,18,10,2021-09-24T13:43:48Z,6,Rounds 1-10
68719,28,0.29,13,7,tax,seller,5,18,10,2021-09-24T13:45:40Z,7,Rounds 1-10
68719,30,0.34,13,8,tax,seller,6,18,10,2021-09-24T13:47:44Z,8,Rounds 1-10
68719,28,0.29,13,9,tax,seller,5,18,10,2021-09-24T13:49:30Z,9,Rounds 1-10
68719,28,0.4,13,10,tax,seller,7,18,10,2021-09-24T13:51:42Z,10,Rounds 1-10
68719,18,-1.5,6,11,notax,seller,5,15,0,2021-09-24T13:54:03Z,1,Rounds 11-20
68719,16,-2.4,6,12,notax,seller,8,15,0,2021-09-24T13:56:00Z,2,Rounds 11-20
68719,20,-2.4,6,13,notax,seller,8,15,0,2021-09-24T13:57:36Z,3,Rounds 11-20
68719,15,6.3,6,14,notax,seller,9,15,0,2021-09-24T13:59:49Z,4,Rounds 11-20
68719,15,6.6,6,15,notax,seller,8,15,0,2021-09-24T14:01:37Z,5,Rounds 11-20
68719,14,6,6,16,notax,seller,10,15,0,2021-09-24T14:03:56Z,6,Rounds 11-20
68719,15,6,6,17,notax,seller,10,15,0,2021-09-24T14:05:40Z,7,Rounds 11-20
68719,15,6,6,18,notax,seller,10,15,0,2021-09-24T14:07:45Z,8,Rounds 11-20
68719,15,6.3,6,19,notax,seller,9,15,0,2021-09-24T14:09:40Z,9,Rounds 11-20
68719,15,5.7,6,20,notax,seller,11,15,0,2021-09-24T14:11:27Z,10,Rounds 11-20
71342,15,5.9,21,1,notax,buyer,7,13,0,2021-09-24T13:30:47Z,1,Rounds 1-10
71342,15,5.8,21,2,notax,buyer,9,12.5,0,2021-09-24T13:36:36Z,2,Rounds 1-10
71342,16,6.6,21,3,notax,buyer,8,12,0,2021-09-24T13:38:00Z,3,Rounds 1-10
71342,16,5.7,21,4,notax,buyer,11,12,0,2021-09-24T13:40:00Z,4,Rounds 1-10
71342,14,5.7,21,5,notax,buyer,11,12,0,2021-09-24T13:41:58Z,5,Rounds 1-10
71342,13,6.6,21,6,notax,buyer,8,12,0,2021-09-24T13:43:42Z,6,Rounds 1-10
71342,12,6,21,7,notax,buyer,10,12,0,2021-09-24T13:45:41Z,7,Rounds 1-10
71342,13,6.3,21,8,notax,buyer,9,12,0,2021-09-24T13:47:39Z,8,Rounds 1-10
71342,13,6,21,9,notax,buyer,10,12,0,2021-09-24T13:50:07Z,9,Rounds 1-10
71342,12,6.6,21,10,notax,buyer,8,12,0,2021-09-24T13:51:32Z,10,Rounds 1-10
71342,12,-1.5,19,11,notax,buyer,5,15,0,2021-09-24T13:53:25Z,1,Rounds 11-20
71342,20,1.6,19,12,notax,buyer,8,15,0,2021-09-24T13:55:52Z,2,Rounds 11-20
71342,20,1.6,19,13,notax,buyer,8,15,0,2021-09-24T13:57:25Z,3,Rounds 11-20
71342,17,1.3,19,14,notax,buyer,9,15,0,2021-09-24T13:59:40Z,4,Rounds 11-20
71342,16,1.6,19,15,notax,buyer,8,15,0,2021-09-24T14:01:53Z,5,Rounds 11-20
71342,20,1,19,16,notax,buyer,10,15,0,2021-09-24T14:04:07Z,6,Rounds 11-20
71342,21,1,19,17,notax,buyer,10,15,0,2021-09-24T14:05:46Z,7,Rounds 11-20
71342,23,1,19,18,notax,buyer,10,15,0,2021-09-24T14:08:05Z,8,Rounds 11-20
71342,20,1.3,19,19,notax,buyer,9,15,0,2021-09-24T14:09:27Z,9,Rounds 11-20
71342,20,0.7,19,20,notax,buyer,11,15,0,2021-09-24T14:11:29Z,10,Rounds 11-20
71382,30,-2.1,18,1,notax,seller,7,13,0,2021-09-24T13:30:58Z,1,Rounds 1-10
71382,20,-2.7,18,2,notax,seller,9,12.5,0,2021-09-24T13:35:57Z,2,Rounds 1-10
71382,22,-2.4,18,3,notax,seller,8,12,0,2021-09-24T13:37:40Z,3,Rounds 1-10
71382,30,-3.3,18,4,notax,seller,11,12,0,2021-09-24T13:40:13Z,4,Rounds 1-10
71382,22,-3.3,18,5,notax,seller,11,12,0,2021-09-24T13:42:00Z,5,Rounds 1-10
71382,22,-2.4,18,6,notax,seller,8,12,0,2021-09-24T13:43:59Z,6,Rounds 1-10
71382,23,-3,18,7,notax,seller,10,12,0,2021-09-24T13:45:36Z,7,Rounds 1-10
71382,23,-2.7,18,8,notax,seller,9,12,0,2021-09-24T13:47:41Z,8,Rounds 1-10
71382,25,-3,18,9,notax,seller,10,12,0,2021-09-24T13:49:57Z,9,Rounds 1-10
71382,20,-2.4,18,10,notax,seller,8,12,0,2021-09-24T13:52:07Z,10,Rounds 1-10
71382,28,0.09,15,11,tax,seller,4,17.5,10,2021-09-24T13:53:58Z,1,Rounds 11-20
71382,40,0.14,15,12,tax,seller,6,16,10,2021-09-24T13:56:03Z,2,Rounds 11-20
71382,35,0.14,15,13,tax,seller,6,16.5,10,2021-09-24T13:57:49Z,3,Rounds 11-20
71382,35,0.14,15,14,tax,seller,6,16,10,2021-09-24T14:00:00Z,4,Rounds 11-20
71382,35,0.16,15,15,tax,seller,7,16,10,2021-09-24T14:01:34Z,5,Rounds 11-20
71382,35,0.11,15,16,tax,seller,5,16,10,2021-09-24T14:03:40Z,6,Rounds 11-20
71382,30,0.14,15,17,tax,seller,6,16,10,2021-09-24T14:05:43Z,7,Rounds 11-20
71382,30,0.18,15,18,tax,seller,8,16,10,2021-09-24T14:07:40Z,8,Rounds 11-20
71382,26,0.16,15,19,tax,seller,7,16,10,2021-09-24T14:10:19Z,9,Rounds 11-20
71382,30,0.14,15,20,tax,seller,6,16,10,2021-09-24T14:12:10Z,10,Rounds 11-20
73988,15,1.9,17,1,notax,buyer,7,13,0,2021-09-24T13:30:48Z,1,Rounds 1-10
73988,17,1.8,17,2,notax,buyer,9,12.5,0,2021-09-24T13:35:53Z,2,Rounds 1-10
73988,10,-2.4,17,3,notax,buyer,8,12,0,2021-09-24T13:37:45Z,3,Rounds 1-10
73988,12,1.7,17,4,notax,buyer,11,12,0,2021-09-24T13:39:41Z,4,Rounds 1-10
73988,12,1.7,17,5,notax,buyer,11,12,0,2021-09-24T13:41:47Z,5,Rounds 1-10
73988,10,-2.4,17,6,notax,buyer,8,12,0,2021-09-24T13:43:56Z,6,Rounds 1-10
73988,12,2,17,7,notax,buyer,10,12,0,2021-09-24T13:45:40Z,7,Rounds 1-10
73988,11,-2.7,17,8,notax,buyer,9,12,0,2021-09-24T13:47:36Z,8,Rounds 1-10
73988,12,2,17,9,notax,buyer,10,12,0,2021-09-24T13:49:53Z,9,Rounds 1-10
73988,12,2.6,17,10,notax,buyer,8,12,0,2021-09-24T13:51:40Z,10,Rounds 1-10
73988,16,-3.41,11,11,tax,seller,4,17.5,10,2021-09-24T13:54:15Z,1,Rounds 11-20
73988,20,0.14,11,12,tax,seller,6,16,10,2021-09-24T13:55:48Z,2,Rounds 11-20
73988,20,0.14,11,13,tax,seller,6,16.5,10,2021-09-24T13:57:41Z,3,Rounds 11-20
73988,16,-4.86,11,14,tax,seller,6,16,10,2021-09-24T14:00:00Z,4,Rounds 11-20
73988,21,0.16,11,15,tax,seller,7,16,10,2021-09-24T14:02:06Z,5,Rounds 11-20
73988,21,0.11,11,16,tax,seller,5,16,10,2021-09-24T14:03:30Z,6,Rounds 11-20
73988,21,0.14,11,17,tax,seller,6,16,10,2021-09-24T14:05:38Z,7,Rounds 11-20
73988,22,0.18,11,18,tax,seller,8,16,10,2021-09-24T14:07:42Z,8,Rounds 11-20
73988,22,0.16,11,19,tax,seller,7,16,10,2021-09-24T14:09:43Z,9,Rounds 11-20
73988,22,0.14,11,20,tax,seller,6,16,10,2021-09-24T14:11:34Z,10,Rounds 11-20
74142,15,2.63,5,1,tax,seller,4,17.5,10,2021-09-24T13:32:38Z,1,Rounds 1-10
74142,17,3.13,5,2,tax,seller,4,18,10,2021-09-24T13:36:19Z,2,Rounds 1-10
74142,17,3.18,5,3,tax,seller,4,18,10,2021-09-24T13:37:31Z,3,Rounds 1-10
74142,15,3.27,5,4,tax,seller,6,18,10,2021-09-24T13:40:18Z,4,Rounds 1-10
74142,18,3.31,5,5,tax,seller,7,18,10,2021-09-24T13:42:46Z,5,Rounds 1-10
74142,18,3.29,5,6,tax,seller,5,18,10,2021-09-24T13:44:01Z,6,Rounds 1-10
74142,18,3.29,5,7,tax,seller,5,18,10,2021-09-24T13:45:40Z,7,Rounds 1-10
74142,18,3.34,5,8,tax,seller,6,18,10,2021-09-24T13:47:45Z,8,Rounds 1-10
74142,19,0.29,5,9,tax,seller,5,18,10,2021-09-24T13:50:02Z,9,Rounds 1-10
74142,18,3.4,5,10,tax,seller,7,18,10,2021-09-24T13:52:01Z,10,Rounds 1-10
74142,16,-1.5,16,11,notax,seller,5,15,0,2021-09-24T13:54:05Z,1,Rounds 11-20
74142,18,-2.4,16,12,notax,seller,8,15,0,2021-09-24T13:55:35Z,2,Rounds 11-20
74142,16,-2.4,16,13,notax,seller,8,15,0,2021-09-24T13:57:47Z,3,Rounds 11-20
74142,16,-2.7,16,14,notax,seller,9,15,0,2021-09-24T13:59:27Z,4,Rounds 11-20
74142,25,-2.4,16,15,notax,seller,8,15,0,2021-09-24T14:01:36Z,5,Rounds 11-20
74142,25,-3,16,16,notax,seller,10,15,0,2021-09-24T14:04:03Z,6,Rounds 11-20
74142,30,-3,16,17,notax,seller,10,15,0,2021-09-24T14:06:37Z,7,Rounds 11-20
74142,14,-4,16,18,notax,seller,10,15,0,2021-09-24T14:07:41Z,8,Rounds 11-20
74142,16,-2.7,16,19,notax,seller,9,15,0,2021-09-24T14:09:37Z,9,Rounds 11-20
74142,16,-3.3,16,20,notax,seller,11,15,0,2021-09-24T14:11:26Z,10,Rounds 11-20
74387,40,-2.1,20,1,notax,seller,7,13,0,2021-09-24T13:30:52Z,1,Rounds 1-10
74387,40,-2.4,20,2,notax,seller,8,12.5,0,2021-09-24T13:36:08Z,2,Rounds 1-10
74387,40,-2.4,20,3,notax,seller,8,12,0,2021-09-24T13:37:29Z,3,Rounds 1-10
74387,40,-3.3,20,4,notax,seller,11,12,0,2021-09-24T13:39:36Z,4,Rounds 1-10
74387,40,-3.3,20,5,notax,seller,11,12,0,2021-09-24T13:41:54Z,5,Rounds 1-10
74387,40,-2.4,20,6,notax,seller,8,12,0,2021-09-24T13:43:42Z,6,Rounds 1-10
74387,40,-3,20,7,notax,seller,10,12,0,2021-09-24T13:45:39Z,7,Rounds 1-10
74387,40,-2.7,20,8,notax,seller,9,12,0,2021-09-24T13:48:16Z,8,Rounds 1-10
74387,40,-3,20,9,notax,seller,10,12,0,2021-09-24T13:49:58Z,9,Rounds 1-10
74387,40,-2.4,20,10,notax,seller,8,12,0,2021-09-24T13:52:24Z,10,Rounds 1-10
74387,16,-1.5,8,11,notax,seller,5,15,0,2021-09-24T13:54:02Z,1,Rounds 11-20
74387,20,-2.4,8,12,notax,seller,8,15,0,2021-09-24T13:55:40Z,2,Rounds 11-20
74387,40,-2.4,8,13,notax,seller,8,15,0,2021-09-24T13:57:29Z,3,Rounds 11-20
74387,17,-2.7,8,14,notax,seller,9,15,0,2021-09-24T13:59:38Z,4,Rounds 11-20
74387,16,-2.4,8,15,notax,seller,8,15,0,2021-09-24T14:01:43Z,5,Rounds 11-20
74387,15,4,8,16,notax,seller,10,15,0,2021-09-24T14:03:30Z,6,Rounds 11-20
74387,16,-3,8,17,notax,seller,10,15,0,2021-09-24T14:05:55Z,7,Rounds 11-20
74387,15,4,8,18,notax,seller,10,15,0,2021-09-24T14:07:31Z,8,Rounds 11-20
74387,15,4.3,8,19,notax,seller,9,15,0,2021-09-24T14:09:44Z,9,Rounds 11-20
74387,15,3.7,8,20,notax,seller,11,15,0,2021-09-24T14:11:49Z,10,Rounds 11-20
74390,5,8.9,2,1,notax,seller,7,13,0,2021-09-24T13:31:33Z,1,Rounds 1-10
74390,11,7.8,2,2,notax,seller,9,12.5,0,2021-09-24T13:36:58Z,2,Rounds 1-10
74390,12,7.6,2,3,notax,seller,8,12,0,2021-09-24T13:37:53Z,3,Rounds 1-10
74390,12,6.7,2,4,notax,seller,11,12,0,2021-09-24T13:39:48Z,4,Rounds 1-10
74390,12,6.7,2,5,notax,seller,11,12,0,2021-09-24T13:41:55Z,5,Rounds 1-10
74390,11,7.6,2,6,notax,seller,8,12,0,2021-09-24T13:43:42Z,6,Rounds 1-10
74390,10,7,2,7,notax,seller,10,12,0,2021-09-24T13:46:05Z,7,Rounds 1-10
74390,10,7.3,2,8,notax,seller,9,12,0,2021-09-24T13:48:39Z,8,Rounds 1-10
74390,10,7,2,9,notax,seller,10,12,0,2021-09-24T13:50:39Z,9,Rounds 1-10
74390,10,7.6,2,10,notax,seller,8,12,0,2021-09-24T13:52:04Z,10,Rounds 1-10
74390,14,0.09,10,11,tax,buyer,4,17.5,10,2021-09-24T13:54:06Z,1,Rounds 11-20
74390,15,0.14,10,12,tax,buyer,6,16,10,2021-09-24T13:55:58Z,2,Rounds 11-20
74390,2,0.14,10,13,tax,buyer,6,16.5,10,2021-09-24T13:58:10Z,3,Rounds 11-20
74390,15,0.14,10,14,tax,buyer,6,16,10,2021-09-24T14:00:38Z,4,Rounds 11-20
74390,15,0.16,10,15,tax,buyer,7,16,10,2021-09-24T14:01:52Z,5,Rounds 11-20
74390,15,0.11,10,16,tax,buyer,5,16,10,2021-09-24T14:04:39Z,6,Rounds 11-20
74390,10,0.14,10,17,tax,buyer,6,16,10,2021-09-24T14:06:03Z,7,Rounds 11-20
74390,10,0.18,10,18,tax,buyer,8,16,10,2021-09-24T14:09:04Z,8,Rounds 11-20
74390,10,0.16,10,19,tax,buyer,7,16,10,2021-09-24T14:11:05Z,9,Rounds 11-20
74390,10,0.14,10,20,tax,buyer,6,16,10,2021-09-24T14:12:23Z,10,Rounds 11-20
74469,18,-2.1,18,1,notax,seller,7,13,0,2021-09-24T13:31:09Z,1,Rounds 1-10
77712,22,10.63,28,1,tax,buyer,4,17.5,10,2021-09-24T13:31:25Z,1,Rounds 1-10
77712,12,0.13,28,2,tax,buyer,4,18,10,2021-09-24T13:36:01Z,2,Rounds 1-10
77712,16,0.18,28,3,tax,buyer,4,18,10,2021-09-24T13:38:12Z,3,Rounds 1-10
77712,15,0.27,28,4,tax,buyer,6,18,10,2021-09-24T13:39:44Z,4,Rounds 1-10
77712,16,0.31,28,5,tax,buyer,7,18,10,2021-09-24T13:41:50Z,5,Rounds 1-10
77712,16,0.29,28,6,tax,buyer,5,18,10,2021-09-24T13:43:42Z,6,Rounds 1-10
77712,18,10.29,28,7,tax,buyer,5,18,10,2021-09-24T13:45:54Z,7,Rounds 1-10
77712,18,10.34,28,8,tax,buyer,6,18,10,2021-09-24T13:47:53Z,8,Rounds 1-10
77712,18,10.29,28,9,tax,buyer,5,18,10,2021-09-24T13:49:43Z,9,Rounds 1-10
77712,19,10.4,28,10,tax,buyer,7,18,10,2021-09-24T13:51:46Z,10,Rounds 1-10
77712,22,0.09,7,11,tax,seller,4,17.5,10,2021-09-24T13:53:49Z,1,Rounds 11-20
77712,19,0.17,7,12,tax,seller,5,16,10,2021-09-24T13:55:42Z,2,Rounds 11-20
77712,17,0.14,7,13,tax,seller,6,16.5,10,2021-09-24T13:57:42Z,3,Rounds 11-20
77712,16,-0.86,7,14,tax,seller,6,16,10,2021-09-24T13:59:48Z,4,Rounds 11-20
77712,20,0.16,7,15,tax,seller,7,16,10,2021-09-24T14:01:44Z,5,Rounds 11-20
77712,20,0.11,7,16,tax,seller,5,16,10,2021-09-24T14:03:45Z,6,Rounds 11-20
77712,21,0.14,7,17,tax,seller,6,16,10,2021-09-24T14:05:47Z,7,Rounds 11-20
77712,21,0.18,7,18,tax,seller,8,16,10,2021-09-24T14:07:36Z,8,Rounds 11-20
77712,22,0.16,7,19,tax,seller,7,16,10,2021-09-24T14:09:40Z,9,Rounds 11-20
77712,22,0.14,7,20,tax,seller,6,16,10,2021-09-24T14:11:43Z,10,Rounds 11-20
78313,15,6.63,1,1,tax,seller,4,17.5,10,2021-09-24T13:30:36Z,1,Rounds 1-10
78313,20,0.13,1,2,tax,seller,4,18,10,2021-09-24T13:35:44Z,2,Rounds 1-10
78313,20,0.18,1,3,tax,seller,4,18,10,2021-09-24T13:37:35Z,3,Rounds 1-10
78313,20,0.27,1,4,tax,seller,6,18,10,2021-09-24T13:39:31Z,4,Rounds 1-10
78313,20,0.31,1,5,tax,seller,7,18,10,2021-09-24T13:41:27Z,5,Rounds 1-10
78313,20,0.29,1,6,tax,seller,5,18,10,2021-09-24T13:43:27Z,6,Rounds 1-10
78313,18,7.29,1,7,tax,seller,5,18,10,2021-09-24T13:45:36Z,7,Rounds 1-10
78313,18,7.34,1,8,tax,seller,6,18,10,2021-09-24T13:47:34Z,8,Rounds 1-10
78313,18,7.29,1,9,tax,seller,5,18,10,2021-09-24T13:49:30Z,9,Rounds 1-10
78313,18,7.4,1,10,tax,seller,7,18,10,2021-09-24T13:51:51Z,10,Rounds 1-10
78313,18,0.09,7,11,tax,seller,4,17.5,10,2021-09-24T13:53:49Z,1,Rounds 11-20
78313,14,-0.86,7,12,tax,seller,6,16,10,2021-09-24T13:55:48Z,2,Rounds 11-20
78313,15,-0.36,7,13,tax,seller,6,16.5,10,2021-09-24T13:57:55Z,3,Rounds 11-20
78313,15,-0.86,7,14,tax,seller,6,16,10,2021-09-24T13:59:30Z,4,Rounds 11-20
78313,15,-0.84,7,15,tax,seller,7,16,10,2021-09-24T14:01:27Z,5,Rounds 11-20
78313,15,-0.89,7,16,tax,seller,5,16,10,2021-09-24T14:03:25Z,6,Rounds 11-20
78313,15,-0.86,7,17,tax,seller,6,16,10,2021-09-24T14:05:26Z,7,Rounds 11-20
78313,15,-0.82,7,18,tax,seller,8,16,10,2021-09-24T14:07:24Z,8,Rounds 11-20
78313,16,-0.84,7,19,tax,seller,7,16,10,2021-09-24T14:09:48Z,9,Rounds 11-20
78313,16,-0.86,7,20,tax,seller,6,16,10,2021-09-24T14:11:25Z,10,Rounds 11-20
83290,19,2.63,20,1,tax,buyer,4,17.5,10,2021-09-24T13:31:26Z,1,Rounds 1-10
83290,17,0.13,20,2,tax,buyer,4,18,10,2021-09-24T13:35:54Z,2,Rounds 1-10
83290,10,0.18,20,3,tax,buyer,4,18,10,2021-09-24T13:38:14Z,3,Rounds 1-10
83290,17,0.27,20,4,tax,buyer,6,18,10,2021-09-24T13:39:36Z,4,Rounds 1-10
83290,19,2.31,20,5,tax,buyer,7,18,10,2021-09-24T13:41:42Z,5,Rounds 1-10
83290,22,2.29,20,6,tax,buyer,5,18,10,2021-09-24T13:43:32Z,6,Rounds 1-10
83290,18.6,2.29,20,7,tax,buyer,5,18,10,2021-09-24T13:46:02Z,7,Rounds 1-10
83290,21,2.34,20,8,tax,buyer,6,18,10,2021-09-24T13:47:46Z,8,Rounds 1-10
83290,25,2.29,20,9,tax,buyer,5,18,10,2021-09-24T13:50:05Z,9,Rounds 1-10
83290,18.38,2.4,20,10,tax,buyer,7,18,10,2021-09-24T13:51:46Z,10,Rounds 1-10
83290,3,-1.5,25,11,notax,buyer,5,15,0,2021-09-24T13:54:09Z,1,Rounds 11-20
83290,8.5,-2.4,25,12,notax,buyer,8,15,0,2021-09-24T13:56:12Z,2,Rounds 11-20
83290,18,7.6,25,13,notax,buyer,8,15,0,2021-09-24T13:57:48Z,3,Rounds 11-20
83290,16,7.3,25,14,notax,buyer,9,15,0,2021-09-24T13:59:55Z,4,Rounds 11-20
83290,15.6,7.6,25,15,notax,buyer,8,15,0,2021-09-24T14:01:55Z,5,Rounds 11-20
83290,17,7,25,16,notax,buyer,10,15,0,2021-09-24T14:04:05Z,6,Rounds 11-20
83290,23,7,25,17,notax,buyer,10,15,0,2021-09-24T14:05:51Z,7,Rounds 11-20
83290,21.1,7,25,18,notax,buyer,10,15,0,2021-09-24T14:07:42Z,8,Rounds 11-20
83290,21.45,7.3,25,19,notax,buyer,9,15,0,2021-09-24T14:09:54Z,9,Rounds 11-20
83290,20.01,6.7,25,20,notax,buyer,11,15,0,2021-09-24T14:12:17Z,10,Rounds 11-20
83337,12,0.13,12,1,tax,buyer,4,17.5,10,2021-09-24T13:30:41Z,1,Rounds 1-10
83337,12,0.13,12,2,tax,buyer,4,18,10,2021-09-24T13:35:56Z,2,Rounds 1-10
83337,12,0.18,12,3,tax,buyer,4,18,10,2021-09-24T13:37:48Z,3,Rounds 1-10
83337,16.5,0.27,12,4,tax,buyer,6,18,10,2021-09-24T13:39:39Z,4,Rounds 1-10
83337,12,0.31,12,5,tax,buyer,7,18,10,2021-09-24T13:41:39Z,5,Rounds 1-10
83337,12,0.29,12,6,tax,buyer,5,18,10,2021-09-24T13:43:43Z,6,Rounds 1-10
83337,12,0.29,12,7,tax,buyer,5,18,10,2021-09-24T13:46:09Z,7,Rounds 1-10
83337,12,0.34,12,8,tax,buyer,6,18,10,2021-09-24T13:47:32Z,8,Rounds 1-10
83337,12,0.29,12,9,tax,buyer,5,18,10,2021-09-24T13:49:33Z,9,Rounds 1-10
83337,12,0.4,12,10,tax,buyer,7,18,10,2021-09-24T13:51:29Z,10,Rounds 1-10
83337,18,8.5,25,11,notax,buyer,5,15,0,2021-09-24T13:53:36Z,1,Rounds 11-20
83337,16,7.6,25,12,notax,buyer,8,15,0,2021-09-24T13:55:41Z,2,Rounds 11-20
83337,15,7.6,25,13,notax,buyer,8,15,0,2021-09-24T13:57:35Z,3,Rounds 11-20
83337,15,7.3,25,14,notax,buyer,9,15,0,2021-09-24T13:59:50Z,4,Rounds 11-20
83337,15,7.6,25,15,notax,buyer,8,15,0,2021-09-24T14:01:33Z,5,Rounds 11-20
83337,15,7,25,16,notax,buyer,10,15,0,2021-09-24T14:03:30Z,6,Rounds 11-20
83337,15,7,25,17,notax,buyer,10,15,0,2021-09-24T14:05:30Z,7,Rounds 11-20
83337,15,7,25,18,notax,buyer,10,15,0,2021-09-24T14:07:29Z,8,Rounds 11-20
83337,15,7.3,25,19,notax,buyer,9,15,0,2021-09-24T14:09:47Z,9,Rounds 11-20
83337,15,6.7,25,20,notax,buyer,11,15,0,2021-09-24T14:11:36Z,10,Rounds 11-20
85651,25,-2.1,20,1,notax,seller,7,13,0,2021-09-24T13:31:01Z,1,Rounds 1-10
85651,22,-2.4,20,2,notax,seller,8,12.5,0,2021-09-24T13:35:58Z,2,Rounds 1-10
85651,15,-2.4,20,3,notax,seller,8,12,0,2021-09-24T13:37:43Z,3,Rounds 1-10
85651,20,-3.3,20,4,notax,seller,11,12,0,2021-09-24T13:39:49Z,4,Rounds 1-10
85651,30,-3.3,20,5,notax,seller,11,12,0,2021-09-24T13:41:30Z,5,Rounds 1-10
85651,40,-2.4,20,6,notax,seller,8,12,0,2021-09-24T13:43:33Z,6,Rounds 1-10
85651,20,-3,20,7,notax,seller,10,12,0,2021-09-24T13:46:01Z,7,Rounds 1-10
85651,15,-2.7,20,8,notax,seller,9,12,0,2021-09-24T13:47:31Z,8,Rounds 1-10
85651,21,-3,20,9,notax,seller,10,12,0,2021-09-24T13:49:43Z,9,Rounds 1-10
85651,20,-2.4,20,10,notax,seller,8,12,0,2021-09-24T13:51:46Z,10,Rounds 1-10
85651,13,-1.5,29,11,notax,buyer,5,15,0,2021-09-24T13:53:50Z,1,Rounds 11-20
85651,16,11.6,29,12,notax,buyer,8,15,0,2021-09-24T13:55:54Z,2,Rounds 11-20
85651,15,11.6,29,13,notax,buyer,8,15,0,2021-09-24T13:57:41Z,3,Rounds 11-20
85651,15,11.3,29,14,notax,buyer,9,15,0,2021-09-24T13:59:37Z,4,Rounds 11-20
85651,15,11.6,29,15,notax,buyer,8,15,0,2021-09-24T14:01:36Z,5,Rounds 11-20
85651,15,11,29,16,notax,buyer,10,15,0,2021-09-24T14:03:37Z,6,Rounds 11-20
85651,15,11,29,17,notax,buyer,10,15,0,2021-09-24T14:05:38Z,7,Rounds 11-20
85651,15,11,29,18,notax,buyer,10,15,0,2021-09-24T14:07:49Z,8,Rounds 11-20
85651,15,11.3,29,19,notax,buyer,9,15,0,2021-09-24T14:09:45Z,9,Rounds 11-20
85651,15,10.7,29,20,notax,buyer,11,15,0,2021-09-24T14:11:31Z,10,Rounds 11-20
88605,15,-2.1,4,1,notax,seller,7,13,0,2021-09-24T13:30:38Z,1,Rounds 1-10
88605,11,5.8,4,2,notax,seller,9,12.5,0,2021-09-24T13:35:50Z,2,Rounds 1-10
88605,11,5.6,4,3,notax,seller,8,12,0,2021-09-24T13:37:41Z,3,Rounds 1-10
88605,12,4.7,4,4,notax,seller,11,12,0,2021-09-24T13:39:33Z,4,Rounds 1-10
88605,12,4.7,4,5,notax,seller,11,12,0,2021-09-24T13:41:29Z,5,Rounds 1-10
88605,12,5.6,4,6,notax,seller,8,12,0,2021-09-24T13:43:36Z,6,Rounds 1-10
88605,12,5,4,7,notax,seller,10,12,0,2021-09-24T13:45:31Z,7,Rounds 1-10
88605,12,5.3,4,8,notax,seller,9,12,0,2021-09-24T13:47:25Z,8,Rounds 1-10
88605,12,5,4,9,notax,seller,10,12,0,2021-09-24T13:49:40Z,9,Rounds 1-10
88605,12,5.6,4,10,notax,seller,8,12,0,2021-09-24T13:51:41Z,10,Rounds 1-10
88605,12,-1.5,27,11,notax,buyer,5,15,0,2021-09-24T13:53:24Z,1,Rounds 11-20
88605,0,-2.4,27,12,notax,buyer,8,15,0,2021-09-24T13:55:50Z,2,Rounds 11-20
88605,0,-2.4,27,13,notax,buyer,8,15,0,2021-09-24T13:57:42Z,3,Rounds 11-20
88605,0,-2.7,27,14,notax,buyer,9,15,0,2021-09-24T13:59:24Z,4,Rounds 11-20
88605,0,-2.4,27,15,notax,buyer,8,15,0,2021-09-24T14:01:28Z,5,Rounds 11-20
88605,0,-3,27,16,notax,buyer,10,15,0,2021-09-24T14:03:45Z,6,Rounds 11-20
88605,0,-3,27,17,notax,buyer,10,15,0,2021-09-24T14:05:25Z,7,Rounds 11-20
88605,0,-3,27,18,notax,buyer,10,15,0,2021-09-24T14:07:29Z,8,Rounds 11-20
88605,0,-2.7,27,19,notax,buyer,9,15,0,2021-09-24T14:09:41Z,9,Rounds 11-20
88605,0,-3.3,27,20,notax,buyer,11,15,0,2021-09-24T14:11:27Z,10,Rounds 11-20
89413,23,-2.1,18,1,notax,seller,7,13,0,2021-09-24T13:30:58Z,1,Rounds 1-10
89413,18,-2.7,18,2,notax,seller,9,12.5,0,2021-09-24T13:35:57Z,2,Rounds 1-10
89413,16,-2.4,18,3,notax,seller,8,12,0,2021-09-24T13:38:05Z,3,Rounds 1-10
89413,14,-3.3,18,4,notax,seller,11,12,0,2021-09-24T13:39:51Z,4,Rounds 1-10
89413,14,-3.3,18,5,notax,seller,11,12,0,2021-09-24T13:41:40Z,5,Rounds 1-10
89413,13,-2.4,18,6,notax,seller,8,12,0,2021-09-24T13:44:04Z,6,Rounds 1-10
89413,13,-3,18,7,notax,seller,10,12,0,2021-09-24T13:46:04Z,7,Rounds 1-10
89413,18,-2.7,18,8,notax,seller,9,12,0,2021-09-24T13:47:52Z,8,Rounds 1-10
89413,16,-3,18,9,notax,seller,10,12,0,2021-09-24T13:49:53Z,9,Rounds 1-10
89413,20,-2.4,18,10,notax,seller,8,12,0,2021-09-24T13:51:49Z,10,Rounds 1-10
89413,12,0.09,20,11,tax,buyer,4,17.5,10,2021-09-24T13:53:32Z,1,Rounds 11-20
89413,13,0.14,20,12,tax,buyer,6,16,10,2021-09-24T13:55:44Z,2,Rounds 11-20
89413,17,3.64,20,13,tax,buyer,6,16.5,10,2021-09-24T13:57:53Z,3,Rounds 11-20
89413,17,4.14,20,14,tax,buyer,6,16,10,2021-09-24T13:59:39Z,4,Rounds 11-20
89413,16,4.16,20,15,tax,buyer,7,16,10,2021-09-24T14:01:47Z,5,Rounds 11-20
89413,15.5,0.11,20,16,tax,buyer,5,16,10,2021-09-24T14:03:38Z,6,Rounds 11-20
89413,18,4.14,20,17,tax,buyer,6,16,10,2021-09-24T14:05:44Z,7,Rounds 11-20
89413,16,4.18,20,18,tax,buyer,8,16,10,2021-09-24T14:07:34Z,8,Rounds 11-20
89413,16.08,4.16,20,19,tax,buyer,7,16,10,2021-09-24T14:09:45Z,9,Rounds 11-20
89413,15,0.14,20,20,tax,buyer,6,16,10,2021-09-24T14:11:28Z,10,Rounds 11-20
91836,20,-2.1,18,1,notax,seller,7,13,0,2021-09-24T13:31:43Z,1,Rounds 1-10
91836,13,-2.4,18,2,notax,seller,8,12.5,0,2021-09-24T13:35:45Z,2,Rounds 1-10
91836,13,-2.4,18,3,notax,seller,8,12,0,2021-09-24T13:37:32Z,3,Rounds 1-10
91836,13,-3.3,18,4,notax,seller,11,12,0,2021-09-24T13:39:55Z,4,Rounds 1-10
91836,13,-3.3,18,5,notax,seller,11,12,0,2021-09-24T13:41:38Z,5,Rounds 1-10
91836,13,-2.4,18,6,notax,seller,8,12,0,2021-09-24T13:43:40Z,6,Rounds 1-10
91836,13,-3,18,7,notax,seller,10,12,0,2021-09-24T13:45:44Z,7,Rounds 1-10
91836,13,-2.7,18,8,notax,seller,9,12,0,2021-09-24T13:47:51Z,8,Rounds 1-10
91836,13,-3,18,9,notax,seller,10,12,0,2021-09-24T13:49:38Z,9,Rounds 1-10
91836,13,-2.4,18,10,notax,seller,8,12,0,2021-09-24T13:52:02Z,10,Rounds 1-10
91836,19,-1.5,20,11,notax,seller,5,15,0,2021-09-24T13:53:39Z,1,Rounds 11-20
91836,15,-7.4,20,12,notax,seller,8,15,0,2021-09-24T13:55:56Z,2,Rounds 11-20
91836,15,-7.4,20,13,notax,seller,8,15,0,2021-09-24T13:57:30Z,3,Rounds 11-20
91836,15,-7.7,20,14,notax,seller,9,15,0,2021-09-24T13:59:37Z,4,Rounds 11-20
91836,20,-2.4,20,15,notax,seller,8,15,0,2021-09-24T14:01:50Z,5,Rounds 11-20
91836,30,-3,20,16,notax,seller,10,15,0,2021-09-24T14:03:38Z,6,Rounds 11-20
91836,20,-3,20,17,notax,seller,10,15,0,2021-09-24T14:05:33Z,7,Rounds 11-20
91836,20,-3,20,18,notax,seller,10,15,0,2021-09-24T14:07:50Z,8,Rounds 11-20
91836,20,-2.7,20,19,notax,seller,9,15,0,2021-09-24T14:09:35Z,9,Rounds 11-20
91836,40,-3.3,20,20,notax,seller,11,15,0,2021-09-24T14:11:41Z,10,Rounds 11-20
94410,21,0.13,13,1,tax,seller,4,17.5,10,2021-09-24T13:30:20Z,1,Rounds 1-10
94410,19.5,0.13,13,2,tax,seller,4,18,10,2021-09-24T13:35:43Z,2,Rounds 1-10
94410,18,-4.82,13,3,tax,seller,4,18,10,2021-09-24T13:37:36Z,3,Rounds 1-10
94410,18,-4.73,13,4,tax,seller,6,18,10,2021-09-24T13:39:34Z,4,Rounds 1-10
94410,18,-4.69,13,5,tax,seller,7,18,10,2021-09-24T13:41:46Z,5,Rounds 1-10
94410,18,-4.71,13,6,tax,seller,5,18,10,2021-09-24T13:43:54Z,6,Rounds 1-10
94410,25,0.29,13,7,tax,seller,5,18,10,2021-09-24T13:45:31Z,7,Rounds 1-10
94410,22.5,0.34,13,8,tax,seller,6,18,10,2021-09-24T13:47:37Z,8,Rounds 1-10
94410,25,0.29,13,9,tax,seller,5,18,10,2021-09-24T13:49:46Z,9,Rounds 1-10
94410,18,-4.6,13,10,tax,seller,7,18,10,2021-09-24T13:51:39Z,10,Rounds 1-10
94410,19,0.09,9,11,tax,seller,4,17.5,10,2021-09-24T13:53:37Z,1,Rounds 11-20
94410,16,-2.83,9,12,tax,seller,5,16,10,2021-09-24T13:55:31Z,2,Rounds 11-20
94410,16,-2.36,9,13,tax,seller,6,16.5,10,2021-09-24T13:57:33Z,3,Rounds 11-20
94410,16.5,0.14,9,14,tax,seller,6,16,10,2021-09-24T13:59:42Z,4,Rounds 11-20
94410,16,-2.84,9,15,tax,seller,7,16,10,2021-09-24T14:01:37Z,5,Rounds 11-20
94410,16,-2.89,9,16,tax,seller,5,16,10,2021-09-24T14:03:26Z,6,Rounds 11-20
94410,16.25,0.14,9,17,tax,seller,6,16,10,2021-09-24T14:05:29Z,7,Rounds 11-20
94410,16,-2.82,9,18,tax,seller,8,16,10,2021-09-24T14:07:37Z,8,Rounds 11-20
94410,15,-2.84,9,19,tax,seller,7,16,10,2021-09-24T14:09:30Z,9,Rounds 11-20
94410,16.19,0.14,9,20,tax,seller,6,16,10,2021-09-24T14:11:30Z,10,Rounds 11-20
94441,12,-2.1,6,1,notax,seller,7,13,0,2021-09-24T13:30:44Z,1,Rounds 1-10
94441,11,3.8,6,2,notax,seller,9,12.5,0,2021-09-24T13:35:35Z,2,Rounds 1-10
94441,12,3.6,6,3,notax,seller,8,12,0,2021-09-24T13:37:44Z,3,Rounds 1-10
94441,12,2.7,6,4,notax,seller,11,12,0,2021-09-24T13:39:47Z,4,Rounds 1-10
94441,12,2.7,6,5,notax,seller,11,12,0,2021-09-24T13:41:31Z,5,Rounds 1-10
94441,12,3.6,6,6,notax,seller,8,12,0,2021-09-24T13:43:27Z,6,Rounds 1-10
94441,12,3,6,7,notax,seller,10,12,0,2021-09-24T13:45:29Z,7,Rounds 1-10
94441,12,3.3,6,8,notax,seller,9,12,0,2021-09-24T13:47:37Z,8,Rounds 1-10
94441,12,3,6,9,notax,seller,10,12,0,2021-09-24T13:49:27Z,9,Rounds 1-10
94441,12,3.6,6,10,notax,seller,8,12,0,2021-09-24T13:51:25Z,10,Rounds 1-10
94441,12,7.5,6,11,notax,seller,5,15,0,2021-09-24T13:53:40Z,1,Rounds 11-20
94441,14,6.6,6,12,notax,seller,8,15,0,2021-09-24T13:55:36Z,2,Rounds 11-20
94441,15,6.6,6,13,notax,seller,8,15,0,2021-09-24T13:57:31Z,3,Rounds 11-20
94441,7,6.3,6,14,notax,seller,9,15,0,2021-09-24T14:00:07Z,4,Rounds 11-20
94441,7,6.6,6,15,notax,seller,8,15,0,2021-09-24T14:01:43Z,5,Rounds 11-20
94441,7,6,6,16,notax,seller,10,15,0,2021-09-24T14:03:40Z,6,Rounds 11-20
94441,7,6,6,17,notax,seller,10,15,0,2021-09-24T14:05:42Z,7,Rounds 11-20
94441,7,6,6,18,notax,seller,10,15,0,2021-09-24T14:07:27Z,8,Rounds 11-20
94441,7,6.3,6,19,notax,seller,9,15,0,2021-09-24T14:09:26Z,9,Rounds 11-20
94441,7,5.7,6,20,notax,seller,11,15,0,2021-09-24T14:11:43Z,10,Rounds 11-20
95020,14,-2.1,14,1,notax,seller,7,13,0,2021-09-24T13:30:32Z,1,Rounds 1-10
95020,20,-2.7,14,2,notax,seller,9,12.5,0,2021-09-24T13:35:31Z,2,Rounds 1-10
95020,13,-2.4,14,3,notax,seller,8,12,0,2021-09-24T13:37:35Z,3,Rounds 1-10
95020,12,-5.3,14,4,notax,seller,11,12,0,2021-09-24T13:39:29Z,4,Rounds 1-10
95020,16,-3.3,14,5,notax,seller,11,12,0,2021-09-24T13:41:31Z,5,Rounds 1-10
95020,30,-2.4,14,6,notax,seller,8,12,0,2021-09-24T13:43:40Z,6,Rounds 1-10
95020,18,-3,14,7,notax,seller,10,12,0,2021-09-24T13:45:35Z,7,Rounds 1-10
95020,16,-2.7,14,8,notax,seller,9,12,0,2021-09-24T13:47:40Z,8,Rounds 1-10
95020,15,-3,14,9,notax,seller,10,12,0,2021-09-24T13:49:34Z,9,Rounds 1-10
95020,10,-4.4,14,10,notax,seller,8,12,0,2021-09-24T13:51:44Z,10,Rounds 1-10
95020,5,7.5,6,11,notax,seller,5,15,0,2021-09-24T13:54:07Z,1,Rounds 11-20
95020,5,6.6,6,12,notax,seller,8,15,0,2021-09-24T13:55:41Z,2,Rounds 11-20
95020,4,6.6,6,13,notax,seller,8,15,0,2021-09-24T13:57:54Z,3,Rounds 11-20
95020,5.5,6.3,6,14,notax,seller,9,15,0,2021-09-24T13:59:40Z,4,Rounds 11-20
95020,5,6.6,6,15,notax,seller,8,15,0,2021-09-24T14:02:02Z,5,Rounds 11-20
95020,5,6,6,16,notax,seller,10,15,0,2021-09-24T14:03:29Z,6,Rounds 11-20
95020,5.2,6,6,17,notax,seller,10,15,0,2021-09-24T14:05:34Z,7,Rounds 11-20
95020,8.8,6,6,18,notax,seller,10,15,0,2021-09-24T14:07:46Z,8,Rounds 11-20
95020,13,6.3,6,19,notax,seller,9,15,0,2021-09-24T14:09:44Z,9,Rounds 11-20
95020,14.3,5.7,6,20,notax,seller,11,15,0,2021-09-24T14:11:58Z,10,Rounds 11-20
95474,16,-2.1,8,1,notax,seller,7,13,0,2021-09-24T13:30:23Z,1,Rounds 1-10
95474,11,1.8,8,2,notax,seller,9,12.5,0,2021-09-24T13:35:43Z,2,Rounds 1-10
95474,12,1.6,8,3,notax,seller,8,12,0,2021-09-24T13:37:36Z,3,Rounds 1-10
95474,13,-3.3,8,4,notax,seller,11,12,0,2021-09-24T13:39:46Z,4,Rounds 1-10
95474,12,0.7,8,5,notax,seller,11,12,0,2021-09-24T13:41:35Z,5,Rounds 1-10
95474,11,1.6,8,6,notax,seller,8,12,0,2021-09-24T13:43:40Z,6,Rounds 1-10
95474,12,1,8,7,notax,seller,10,12,0,2021-09-24T13:45:54Z,7,Rounds 1-10
95474,12,1.3,8,8,notax,seller,9,12,0,2021-09-24T13:48:11Z,8,Rounds 1-10
95474,12.5,-3,8,9,notax,seller,10,12,0,2021-09-24T13:49:51Z,9,Rounds 1-10
95474,11,1.6,8,10,notax,seller,8,12,0,2021-09-24T13:51:38Z,10,Rounds 1-10
95474,16,-5.5,11,11,notax,buyer,5,15,0,2021-09-24T13:53:50Z,1,Rounds 11-20
95474,14,-2.4,11,12,notax,buyer,8,15,0,2021-09-24T13:55:34Z,2,Rounds 11-20
95474,15,-6.4,11,13,notax,buyer,8,15,0,2021-09-24T13:57:47Z,3,Rounds 11-20
95474,12,-2.7,11,14,notax,buyer,9,15,0,2021-09-24T14:00:00Z,4,Rounds 11-20
95474,16,-6.4,11,15,notax,buyer,8,15,0,2021-09-24T14:02:01Z,5,Rounds 11-20
95474,15,-7,11,16,notax,buyer,10,15,0,2021-09-24T14:04:06Z,6,Rounds 11-20
95474,11,-3,11,17,notax,buyer,10,15,0,2021-09-24T14:05:36Z,7,Rounds 11-20
95474,11,-3,11,18,notax,buyer,10,15,0,2021-09-24T14:08:52Z,8,Rounds 11-20
95474,8,-2.7,11,19,notax,buyer,9,15,0,2021-09-24T14:09:51Z,9,Rounds 11-20
95474,15,-7.3,11,20,notax,buyer,11,15,0,2021-09-24T14:11:38Z,10,Rounds 11-20
95569,25,0.13,11,1,tax,seller,4,17.5,10,2021-09-24T13:30:31Z,1,Rounds 1-10
95569,24,0.13,11,2,tax,seller,4,18,10,2021-09-24T13:35:31Z,2,Rounds 1-10
95569,24,0.13,11,3,tax,seller,4,18,10,2021-09-24T13:39:29Z,3,Rounds 1-10
95569,24,0.27,11,4,tax,seller,6,18,10,2021-09-24T13:39:45Z,4,Rounds 1-10
95569,24,0.31,11,5,tax,seller,7,18,10,2021-09-24T13:41:57Z,5,Rounds 1-10
95569,24,0.29,11,6,tax,seller,5,18,10,2021-09-24T13:43:26Z,6,Rounds 1-10
95569,24,0.29,11,7,tax,seller,5,18,10,2021-09-24T13:45:35Z,7,Rounds 1-10
95569,24,0.34,11,8,tax,seller,6,18,10,2021-09-24T13:47:41Z,8,Rounds 1-10
95569,20,0.29,11,9,tax,seller,5,18,10,2021-09-24T13:49:35Z,9,Rounds 1-10
95569,21,0.4,11,10,tax,seller,7,18,10,2021-09-24T13:52:14Z,10,Rounds 1-10
95569,21,8.59,26,11,tax,buyer,4,17.5,10,2021-09-24T13:53:22Z,1,Rounds 11-20
95569,21,10.17,26,12,tax,buyer,5,16,10,2021-09-24T13:55:48Z,2,Rounds 11-20
95569,21,9.64,26,13,tax,buyer,6,16.5,10,2021-09-24T13:57:31Z,3,Rounds 11-20
95569,21,10.14,26,14,tax,buyer,6,16,10,2021-09-24T14:01:09Z,4,Rounds 11-20
95569,21,10.16,26,15,tax,buyer,7,16,10,2021-09-24T14:02:18Z,5,Rounds 11-20
95569,21,10.11,26,16,tax,buyer,5,16,10,2021-09-24T14:03:50Z,6,Rounds 11-20
95569,21,10.14,26,17,tax,buyer,6,16,10,2021-09-24T14:06:34Z,7,Rounds 11-20
95569,21,10.18,26,18,tax,buyer,8,16,10,2021-09-24T14:08:49Z,8,Rounds 11-20
95569,21,10.16,26,19,tax,buyer,7,16,10,2021-09-24T14:10:14Z,9,Rounds 11-20
95569,21,10.14,26,20,tax,buyer,6,16,10,2021-09-24T14:12:49Z,10,Rounds 11-20
96690,20,0.13,7,1,tax,seller,4,17.5,10,2021-09-24T13:34:23Z,1,Rounds 1-10
96690,19,0.13,7,2,tax,seller,4,18,10,2021-09-24T13:36:45Z,2,Rounds 1-10
96690,19,0.13,7,3,tax,seller,4,18,10,2021-09-24T13:38:54Z,3,Rounds 1-10
96690,20,0.27,7,4,tax,seller,6,18,10,2021-09-24T13:41:07Z,4,Rounds 1-10
96690,18,1.31,7,5,tax,seller,7,18,10,2021-09-24T13:42:37Z,5,Rounds 1-10
96690,19,0.29,7,6,tax,seller,5,18,10,2021-09-24T13:44:09Z,6,Rounds 1-10
96690,18.5,0.29,7,7,tax,seller,5,18,10,2021-09-24T13:46:26Z,7,Rounds 1-10
96690,18,1.34,7,8,tax,seller,6,18,10,2021-09-24T13:48:14Z,8,Rounds 1-10
96690,18,1.29,7,9,tax,seller,5,18,10,2021-09-24T13:50:16Z,9,Rounds 1-10
96690,18,1.4,7,10,tax,seller,7,18,10,2021-09-24T13:51:50Z,10,Rounds 1-10
96690,18,-1.5,10,11,notax,seller,5,15,0,2021-09-24T13:55:12Z,1,Rounds 11-20
96690,15,2.6,10,12,notax,seller,8,15,0,2021-09-24T13:56:47Z,2,Rounds 11-20
96690,15.5,-2.4,10,13,notax,seller,8,15,0,2021-09-24T13:59:07Z,3,Rounds 11-20
96690,15,2.3,10,14,notax,seller,9,15,0,2021-09-24T13:59:59Z,4,Rounds 11-20
96690,15,2.6,10,15,notax,seller,8,15,0,2021-09-24T14:01:44Z,5,Rounds 11-20
96690,15,2,10,16,notax,seller,10,15,0,2021-09-24T14:03:41Z,6,Rounds 11-20
96690,15,2,10,17,notax,seller,10,15,0,2021-09-24T14:05:51Z,7,Rounds 11-20
96690,16,-3,10,18,notax,seller,10,15,0,2021-09-24T14:08:27Z,8,Rounds 11-20
96690,15,2.3,10,19,notax,seller,9,15,0,2021-09-24T14:09:43Z,9,Rounds 11-20
96690,15,1.7,10,20,notax,seller,11,15,0,2021-09-24T14:12:08Z,10,Rounds 11-20
97040,15,4.63,3,1,tax,seller,4,17.5,10,2021-09-24T13:30:51Z,1,Rounds 1-10
97040,16,5.13,3,2,tax,seller,4,18,10,2021-09-24T13:36:56Z,2,Rounds 1-10
97040,16.5,5.18,3,3,tax,seller,4,18,10,2021-09-24T13:37:44Z,3,Rounds 1-10
97040,17,5.27,3,4,tax,seller,6,18,10,2021-09-24T13:39:36Z,4,Rounds 1-10
97040,17,5.31,3,5,tax,seller,7,18,10,2021-09-24T13:42:00Z,5,Rounds 1-10
97934,5,0.13,10,1,tax,buyer,4,17.5,10,2021-09-24T13:31:52Z,1,Rounds 1-10
97934,15,0.13,10,2,tax,buyer,4,18,10,2021-09-24T13:36:16Z,2,Rounds 1-10
97934,10,0.18,10,3,tax,buyer,4,18,10,2021-09-24T13:38:33Z,3,Rounds 1-10
97934,1,0.27,10,4,tax,buyer,6,18,10,2021-09-24T13:39:56Z,4,Rounds 1-10
97934,9,0.31,10,5,tax,buyer,7,18,10,2021-09-24T13:42:06Z,5,Rounds 1-10
97934,10,0.29,10,6,tax,buyer,5,18,10,2021-09-24T13:44:04Z,6,Rounds 1-10
97934,10,0.29,10,7,tax,buyer,5,18,10,2021-09-24T13:45:59Z,7,Rounds 1-10
97934,0,0.34,10,8,tax,buyer,6,18,10,2021-09-24T13:48:20Z,8,Rounds 1-10
97934,15,0.29,10,9,tax,buyer,5,18,10,2021-09-24T13:50:10Z,9,Rounds 1-10
97934,5,0.4,10,10,tax,buyer,7,18,10,2021-09-24T13:51:57Z,10,Rounds 1-10
97934,18,10.5,27,11,notax,buyer,5,15,0,2021-09-24T13:54:09Z,1,Rounds 11-20
97934,8,-2.4,27,12,notax,buyer,8,15,0,2021-09-24T13:56:02Z,2,Rounds 11-20
97934,17,9.6,27,13,notax,buyer,8,15,0,2021-09-24T13:57:37Z,3,Rounds 11-20
97934,15,9.3,27,14,notax,buyer,9,15,0,2021-09-24T13:59:36Z,4,Rounds 11-20
97934,14,-2.4,27,15,notax,buyer,8,15,0,2021-09-24T14:01:55Z,5,Rounds 11-20
97934,15,9,27,16,notax,buyer,10,15,0,2021-09-24T14:03:31Z,6,Rounds 11-20
97934,15,9,27,17,notax,buyer,10,15,0,2021-09-24T14:05:43Z,7,Rounds 11-20
97934,15,9,27,18,notax,buyer,10,15,0,2021-09-24T14:07:39Z,8,Rounds 11-20
97934,15,9.3,27,19,notax,buyer,9,15,0,2021-09-24T14:09:37Z,9,Rounds 11-20
97934,15,8.7,27,20,notax,buyer,11,15,0,2021-09-24T14:11:37Z,10,Rounds 11-20
99277,11.5,0.13,12,1,tax,buyer,4,17.5,10,2021-09-24T13:30:42Z,1,Rounds 1-10
99277,12,0.13,12,2,tax,buyer,4,18,10,2021-09-24T13:36:28Z,2,Rounds 1-10
99277,12,0.13,12,3,tax,buyer,4,18,10,2021-09-24T13:37:36Z,3,Rounds 1-10
99277,17,0.27,12,4,tax,buyer,6,18,10,2021-09-24T13:40:02Z,4,Rounds 1-10
99277,12,0.31,12,5,tax,buyer,7,18,10,2021-09-24T13:41:58Z,5,Rounds 1-10
99277,17,0.29,12,6,tax,buyer,5,18,10,2021-09-24T13:44:09Z,6,Rounds 1-10
99277,13,0.29,12,7,tax,buyer,5,18,10,2021-09-24T13:45:40Z,7,Rounds 1-10
99277,12,0.34,12,8,tax,buyer,6,18,10,2021-09-24T13:47:55Z,8,Rounds 1-10
99277,11,0.29,12,9,tax,buyer,5,18,10,2021-09-24T13:49:36Z,9,Rounds 1-10
99277,12,0.4,12,10,tax,buyer,7,18,10,2021-09-24T13:51:47Z,10,Rounds 1-10
99277,17.4,0.09,7,11,tax,seller,4,17.5,10,2021-09-24T13:53:58Z,1,Rounds 11-20
99277,17.09,0.14,7,12,tax,seller,6,16,10,2021-09-24T13:55:52Z,2,Rounds 11-20
99277,17,0.14,7,13,tax,seller,6,16.5,10,2021-09-24T13:57:38Z,3,Rounds 11-20
99277,17,0.14,7,14,tax,seller,6,16,10,2021-09-24T13:59:29Z,4,Rounds 11-20
99277,16,-0.84,7,15,tax,seller,7,16,10,2021-09-24T14:01:32Z,5,Rounds 11-20
99277,16.84,0.11,7,16,tax,seller,5,16,10,2021-09-24T14:03:50Z,6,Rounds 11-20
99277,16.73,0.14,7,17,tax,seller,6,16,10,2021-09-24T14:05:45Z,7,Rounds 11-20
99277,16.5,0.18,7,18,tax,seller,8,16,10,2021-09-24T14:07:44Z,8,Rounds 11-20
99277,16,-0.84,7,19,tax,seller,7,16,10,2021-09-24T14:09:34Z,9,Rounds 11-20
99277,16.25,0.14,7,20,tax,seller,6,16,10,2021-09-24T14:11:36Z,10,Rounds 11-20
